seed,target,flow_length,nchains,kernel,step_size,logZ,elbo,ess,nparticles
1,Banana,0,10,MF.HMC,0.01,-0.9636514049065683,-1.3801429682248156,119.58767237586329,512
1,Banana,0,10,MF.HMC,0.05,-0.9636514049065683,-1.3801429682248156,119.58767237586329,512
1,Banana,0,10,MF.HMC,0.1,-0.9636514049065683,-1.3801429682248156,119.58767237586329,512
1,Banana,0,10,MF.MALA,0.01,-0.9636514049065683,-1.3801429682248156,119.58767237586329,512
1,Banana,0,10,MF.MALA,0.05,-0.9636514049065683,-1.3801429682248156,119.58767237586329,512
1,Banana,0,10,MF.MALA,0.1,-0.9636514049065683,-1.3801429682248156,119.58767237586329,512
1,Banana,0,10,MF.RWMH,0.01,-0.9636514049065683,-1.3801429682248156,119.58767237586329,512
1,Banana,0,10,MF.RWMH,0.05,-0.9636514049065683,-1.3801429682248156,119.58767237586329,512
1,Banana,0,10,MF.RWMH,0.1,-0.9636514049065683,-1.3801429682248156,119.58767237586329,512
1,Banana,0,1,MF.HMC,0.01,-0.9636514049065683,-1.3801429682248156,119.58767237586329,512
1,Banana,0,1,MF.HMC,0.05,-0.9636514049065683,-1.3801429682248156,119.58767237586329,512
1,Banana,0,1,MF.HMC,0.1,-0.9636514049065683,-1.3801429682248156,119.58767237586329,512
1,Banana,0,1,MF.MALA,0.01,-0.9636514049065683,-1.3801429682248156,119.58767237586329,512
1,Banana,0,1,MF.MALA,0.05,-0.9636514049065683,-1.3801429682248156,119.58767237586329,512
1,Banana,0,1,MF.MALA,0.1,-0.9636514049065683,-1.3801429682248156,119.58767237586329,512
1,Banana,0,1,MF.RWMH,0.01,-0.9636514049065683,-1.3801429682248156,119.58767237586329,512
1,Banana,0,1,MF.RWMH,0.05,-0.9636514049065683,-1.3801429682248156,119.58767237586329,512
1,Banana,0,1,MF.RWMH,0.1,-0.9636514049065683,-1.3801429682248156,119.58767237586329,512
1,Banana,0,20,MF.HMC,0.01,-0.9636514049065683,-1.3801429682248156,119.58767237586329,512
1,Banana,0,20,MF.HMC,0.05,-0.9636514049065683,-1.3801429682248156,119.58767237586329,512
1,Banana,0,20,MF.HMC,0.1,-0.9636514049065683,-1.3801429682248156,119.58767237586329,512
1,Banana,0,20,MF.MALA,0.01,-0.9636514049065683,-1.3801429682248156,119.58767237586329,512
1,Banana,0,20,MF.MALA,0.05,-0.9636514049065683,-1.3801429682248156,119.58767237586329,512
1,Banana,0,20,MF.MALA,0.1,-0.9636514049065683,-1.3801429682248156,119.58767237586329,512
1,Banana,0,20,MF.RWMH,0.01,-0.9636514049065683,-1.3801429682248156,119.58767237586329,512
1,Banana,0,20,MF.RWMH,0.05,-0.9636514049065683,-1.3801429682248156,119.58767237586329,512
1,Banana,0,20,MF.RWMH,0.1,-0.9636514049065683,-1.3801429682248156,119.58767237586329,512
1,Banana,0,5,MF.HMC,0.01,-0.9636514049065683,-1.3801429682248156,119.58767237586333,512
1,Banana,0,5,MF.HMC,0.05,-0.9636514049065683,-1.3801429682248156,119.58767237586333,512
1,Banana,0,5,MF.HMC,0.1,-0.9636514049065683,-1.3801429682248156,119.58767237586333,512
1,Banana,0,5,MF.MALA,0.01,-0.9636514049065683,-1.3801429682248156,119.58767237586333,512
1,Banana,0,5,MF.MALA,0.05,-0.9636514049065683,-1.3801429682248156,119.58767237586333,512
1,Banana,0,5,MF.MALA,0.1,-0.9636514049065683,-1.3801429682248156,119.58767237586333,512
1,Banana,0,5,MF.RWMH,0.01,-0.9636514049065683,-1.3801429682248156,119.58767237586333,512
1,Banana,0,5,MF.RWMH,0.05,-0.9636514049065683,-1.3801429682248156,119.58767237586333,512
1,Banana,0,5,MF.RWMH,0.1,-0.9636514049065683,-1.3801429682248156,119.58767237586333,512
1,Banana,100,10,MF.HMC,0.01,-0.330434392963304,-0.5257613484102559,249.51922884560767,512
1,Banana,100,10,MF.HMC,0.05,1.3109729707278204,0.1098510937846748,6.803387008863143,512
1,Banana,100,10,MF.HMC,0.1,4.878879389151202,0.23537571649657277,1.0959087201590383,512
1,Banana,100,10,MF.MALA,0.01,-0.7849925660510797,-0.9510344364503847,289.9315200219123,512
1,Banana,100,10,MF.MALA,0.05,-0.5827858467789433,-0.761310540523606,266.69769112948853,512
1,Banana,100,10,MF.MALA,0.1,-0.5311249678692098,-0.6839379857384004,344.444490707217,512
1,Banana,100,10,MF.RWMH,0.01,-0.3578065890901563,-1.2601465409960957,4.04861893024926,512
1,Banana,100,10,MF.RWMH,0.05,-0.7645611240289503,-1.1011106463464455,49.15559862232839,512
1,Banana,100,10,MF.RWMH,0.1,-0.7744027764455295,-0.9702468305245968,163.61912849666786,512
1,Banana,100,1,MF.HMC,0.01,-0.9427106766949604,-1.2873631882857413,107.82779949829121,512
1,Banana,100,1,MF.HMC,0.05,735.6539947081311,26.675439792384857,1.0,512
1,Banana,100,1,MF.HMC,0.1,2757.6051611490643,73.45194938673924,1.0,512
1,Banana,100,1,MF.MALA,0.01,-0.9426759715115889,-1.2873128819398298,107.83412093083793,512
1,Banana,100,1,MF.MALA,0.05,-0.9426759714721014,-1.287312881851241,107.83412092338702,512
1,Banana,100,1,MF.MALA,0.1,-0.9426759713595789,-1.2873128822349724,107.83412094029903,512
1,Banana,100,1,MF.RWMH,0.01,-0.9426759715070991,-1.2873128819353679,107.83412092652166,512
1,Banana,100,1,MF.RWMH,0.05,-0.9426759715072235,-1.287312881935535,107.83412092649226,512
1,Banana,100,1,MF.RWMH,0.1,-0.9426759715084616,-1.2873128819355744,107.8341209280625,512
1,Banana,100,20,MF.HMC,0.01,-0.38999904763291315,-0.47859505213681575,391.8380112490338,512
1,Banana,100,20,MF.HMC,0.05,0.17325511490684242,0.04189128430130388,334.28864929117987,512
1,Banana,100,20,MF.HMC,0.1,0.21697500898495914,0.10595431068311034,309.3942306893231,512
1,Banana,100,20,MF.MALA,0.01,-0.4976258912097524,-0.9429572465189926,24.00291590395372,512
1,Banana,100,20,MF.MALA,0.05,-0.49213214746562883,-0.7523347544762237,73.9452779765415,512
1,Banana,100,20,MF.MALA,0.1,-0.5251177212483062,-0.6508657111465934,327.51073786366607,512
1,Banana,100,20,MF.RWMH,0.01,-0.7540451208321146,-1.249792021223856,49.82654292487658,512
1,Banana,100,20,MF.RWMH,0.05,-0.7752282336927188,-1.0972862139135726,36.922828317457416,512
1,Banana,100,20,MF.RWMH,0.1,-0.394946439052843,-0.9340792592584433,9.861074072183593,512
1,Banana,100,5,MF.HMC,0.01,-0.48586616581475806,-0.6595498203760196,303.39587345771446,512
1,Banana,100,5,MF.HMC,0.05,83.86570847524814,1.1544727074088028,1.0,512
1,Banana,100,5,MF.HMC,0.1,46.74664561815635,0.9914224183455107,1.0000000003761413,512
1,Banana,100,5,MF.MALA,0.01,-0.8950199929788489,-1.0582845757858235,377.77928246927456,512
1,Banana,100,5,MF.MALA,0.05,-0.6874636831836556,-0.8380219332217634,307.14696585857223,512
1,Banana,100,5,MF.MALA,0.1,-0.6838368417113445,-0.8081293155256695,368.76737747356617,512
1,Banana,100,5,MF.RWMH,0.01,-1.0765776127097455,-1.3416691936114493,261.4511984332778,512
1,Banana,100,5,MF.RWMH,0.05,-0.9936752042525043,-1.187819221248977,274.5772355626948,512
1,Banana,100,5,MF.RWMH,0.1,-0.7779775644985021,-1.0196691050723943,111.03004295047758,512
1,Banana,10,10,MF.HMC,0.01,-0.7992434719180537,-0.9136929662980856,335.24952217054437,512
1,Banana,10,10,MF.HMC,0.05,-0.3635256487831331,-0.4780529407865689,376.4445673939682,512
1,Banana,10,10,MF.HMC,0.1,-0.12218713380818169,-0.2752350607425344,331.07318367328435,512
1,Banana,10,10,MF.MALA,0.01,-1.0231846878560802,-1.1680119842565384,312.8196451934103,512
1,Banana,10,10,MF.MALA,0.05,-0.8914033654691718,-1.0393733422212108,259.9809096534033,512
1,Banana,10,10,MF.MALA,0.1,-0.8926116831476856,-0.9989960136566901,339.7494343368814,512
1,Banana,10,10,MF.RWMH,0.01,-1.0369811022637778,-1.2399066542312271,284.6391878684186,512
1,Banana,10,10,MF.RWMH,0.05,-1.019594223552751,-1.2105522840552474,270.94663350035705,512
1,Banana,10,10,MF.RWMH,0.1,-0.970883733388197,-1.1561636880731574,237.64846693942386,512
1,Banana,10,1,MF.HMC,0.01,-0.8864186244607444,-1.2210039644634378,139.42004363630497,512
1,Banana,10,1,MF.HMC,0.05,-0.8864186244567369,-1.2210039644638662,139.4200436365332,512
1,Banana,10,1,MF.HMC,0.1,-0.8864186247770922,-1.22100396992203,139.4200436274221,512
1,Banana,10,1,MF.MALA,0.01,-0.886418624460755,-1.2210039644668769,139.4200436363076,512
1,Banana,10,1,MF.MALA,0.05,-0.8864186244607568,-1.2210039644666777,139.42004363630724,512
1,Banana,10,1,MF.MALA,0.1,-0.8864186244607799,-1.221003964476042,139.42004363630028,512
1,Banana,10,1,MF.RWMH,0.01,-0.8864186244607559,-1.2210039644668855,139.4200436363072,512
1,Banana,10,1,MF.RWMH,0.05,-0.8864186244607559,-1.221003964466886,139.42004363630713,512
1,Banana,10,1,MF.RWMH,0.1,-0.8864186244607568,-1.2210039644668875,139.42004363630693,512
1,Banana,10,20,MF.HMC,0.01,-0.5152954839287167,-0.8527777536000561,44.68393410239613,512
1,Banana,10,20,MF.HMC,0.05,-0.22101081024294889,-0.3731975494696239,270.8243519282663,512
1,Banana,10,20,MF.HMC,0.1,0.05906339262530835,-0.1900061370682264,51.073444411049586,512
1,Banana,10,20,MF.MALA,0.01,-0.6632859829045774,-1.1028025253622504,34.39174565851563,512
1,Banana,10,20,MF.MALA,0.05,-0.7582265627635829,-1.028720859585605,105.06114999900666,512
1,Banana,10,20,MF.MALA,0.1,-0.6007596167489702,-0.943895603494507,58.25123404247198,512
1,Banana,10,20,MF.RWMH,0.01,-0.7290736089469441,-1.196412726954254,74.70091957746877,512
1,Banana,10,20,MF.RWMH,0.05,-0.6527586326253827,-1.1716268369805898,43.37747942324609,512
1,Banana,10,20,MF.RWMH,0.1,-0.6621708300755023,-1.1129425374539348,57.68492360367601,512
1,Banana,10,5,MF.HMC,0.01,-0.6431872636236617,-0.9444364078534987,131.16239538605257,512
1,Banana,10,5,MF.HMC,0.05,-0.31345271167835786,-0.5788481080794818,225.39764444480426,512
1,Banana,10,5,MF.HMC,0.1,-0.16646009039202614,-0.4347286999017617,183.7022448808849,512
1,Banana,10,5,MF.MALA,0.01,-0.8502873883681383,-1.165183515993055,135.37340228374674,512
1,Banana,10,5,MF.MALA,0.05,-0.8137047763444505,-1.054340537844302,197.1588358624175,512
1,Banana,10,5,MF.MALA,0.1,-0.7604562369380874,-1.0182140107271267,144.85719233508266,512
1,Banana,10,5,MF.RWMH,0.01,-0.9193407464985599,-1.261013343819027,114.38386326991247,512
1,Banana,10,5,MF.RWMH,0.05,-0.8724265242783318,-1.2299594581952777,92.46409131586684,512
1,Banana,10,5,MF.RWMH,0.1,-0.8565916409616285,-1.1795305146272983,108.94616221408049,512
1,Banana,200,10,MF.HMC,0.01,-0.20381735198797646,-0.36749217545542107,327.1835268104114,512
1,Banana,200,10,MF.HMC,0.05,9.326773017013306,0.2265050642620205,1.000499768198002,512
1,Banana,200,10,MF.HMC,0.1,0.9288667836371918,0.13082778412700827,13.791984317822635,512
1,Banana,200,10,MF.MALA,0.01,-0.7466627705551891,-0.9300868035547751,235.90762903397388,512
1,Banana,200,10,MF.MALA,0.05,-0.5343624240798857,-0.7099945090718153,284.9910506613901,512
1,Banana,200,10,MF.MALA,0.1,-0.4631575198722562,-0.6159367577826513,335.9355657275718,512
1,Banana,200,10,MF.RWMH,0.01,-0.894685886514881,-1.2423147368705258,147.74212497220915,512
1,Banana,200,10,MF.RWMH,0.05,-0.8362471973984311,-1.0408325343322757,236.01126343122007,512
1,Banana,200,10,MF.RWMH,0.1,-0.808030272309801,-0.9503939516617258,338.0820492989665,512
1,Banana,200,1,MF.HMC,0.01,22.606328758606114,-0.8252955273142041,1.0030198704748057,512
1,Banana,200,1,MF.HMC,0.05,1372.22878888251,74.74403092458364,1.0,512
1,Banana,200,1,MF.HMC,0.1,2609.0513994733005,116.68768207903855,1.0,512
1,Banana,200,1,MF.MALA,0.01,-0.9526591118271943,-1.2387780292662445,137.15078028260353,512
1,Banana,200,1,MF.MALA,0.05,-0.9526632935362631,-1.2387789952519226,137.1502829141539,512
1,Banana,200,1,MF.MALA,0.1,-0.9526709499843315,-1.2387918833583673,137.14632188801488,512
1,Banana,200,1,MF.RWMH,0.01,-0.9526591143672762,-1.2387780312128394,137.15077979860092,512
1,Banana,200,1,MF.RWMH,0.05,-0.9526591143673011,-1.2387780312127146,137.1507797987729,512
1,Banana,200,1,MF.RWMH,0.1,-0.9526591143671554,-1.238778031212735,137.15077979870628,512
1,Banana,200,20,MF.HMC,0.01,-0.15946348365593277,-0.3365386403121516,228.40391403262822,512
1,Banana,200,20,MF.HMC,0.05,0.2064931577540703,0.05038980175898607,262.41989188646403,512
1,Banana,200,20,MF.HMC,0.1,0.19628768995776547,0.08495273033865046,388.17268274549514,512
1,Banana,200,20,MF.MALA,0.01,-0.7571963505939712,-0.8847283530171947,320.511807582731,512
1,Banana,200,20,MF.MALA,0.05,-0.5093198873492311,-0.6585216818101317,251.84397923291323,512
1,Banana,200,20,MF.MALA,0.1,-0.3684103772073213,-0.5298197972323452,273.91857451482645,512
1,Banana,200,20,MF.RWMH,0.01,-1.0464632212727976,-1.2372488195265083,214.85123635401476,512
1,Banana,200,20,MF.RWMH,0.05,-0.9177360719321781,-1.052334419436797,238.18579308998284,512
1,Banana,200,20,MF.RWMH,0.1,-0.7348044744189943,-0.8914719918601042,235.78673092253274,512
1,Banana,200,5,MF.HMC,0.01,0.5820795826335914,-0.52764316867613,5.31572470115358,512
1,Banana,200,5,MF.HMC,0.05,131.97218453692815,2.00887382065068,1.000000004667684,512
1,Banana,200,5,MF.HMC,0.1,38.80392441692978,1.3695611089326465,1.0000009851080767,512
1,Banana,200,5,MF.MALA,0.01,0.0297919799651023,-0.9450662229051501,3.26562460393314,512
1,Banana,200,5,MF.MALA,0.05,-0.5768079841193927,-0.7467133418684749,344.6556681495513,512
1,Banana,200,5,MF.MALA,0.1,-0.5145169068234585,-0.7000310348159833,300.76483101222556,512
1,Banana,200,5,MF.RWMH,0.01,-0.9187532348963954,-1.2284509706774798,91.7601332247401,512
1,Banana,200,5,MF.RWMH,0.05,-0.9089991518423863,-1.0614788448531995,287.92522613458937,512
1,Banana,200,5,MF.RWMH,0.1,-0.7844171203659318,-0.9581835761629055,256.71823553829296,512
1,Banana,20,10,MF.HMC,0.01,-0.6232647101550208,-0.8070954664323727,238.72393770334025,512
1,Banana,20,10,MF.HMC,0.05,-0.11015315206848797,-0.34360632759618914,89.52042316231358,512
1,Banana,20,10,MF.HMC,0.1,-0.07850385385725023,-0.2409885443517464,356.9787032064819,512
1,Banana,20,10,MF.MALA,0.01,-0.9223114232862626,-1.1357609439941965,96.79546168975489,512
1,Banana,20,10,MF.MALA,0.05,-0.7844708364283486,-1.0048296485671078,158.47416946996142,512
1,Banana,20,10,MF.MALA,0.1,-0.7696782124531643,-0.9520003143361957,153.10571825712452,512
1,Banana,20,10,MF.RWMH,0.01,-0.4253603120605671,-1.2775629813605653,4.550022883493773,512
1,Banana,20,10,MF.RWMH,0.05,-0.7651738131777259,-1.2202923688770564,20.16441610454971,512
1,Banana,20,10,MF.RWMH,0.1,-0.8976778104461021,-1.143921626456576,97.1800003336625,512
1,Banana,20,1,MF.HMC,0.01,-0.9426759715061799,-1.2873128817990533,107.83412092672386,512
1,Banana,20,1,MF.HMC,0.05,-0.9426759774397659,-1.2873129005632173,107.83411988305335,512
1,Banana,20,1,MF.HMC,0.1,-0.942586611745333,-1.287135751776801,107.85112998813888,512
1,Banana,20,1,MF.MALA,0.01,-0.9426759715072146,-1.287312881935548,107.83412092648462,512
1,Banana,20,1,MF.MALA,0.05,-0.9426759715072182,-1.2873128819355908,107.83412092649093,512
1,Banana,20,1,MF.MALA,0.1,-0.9426759715072164,-1.2873128819355768,107.83412092652063,512
1,Banana,20,1,MF.RWMH,0.01,-0.942675971507219,-1.287312881935549,107.83412092648925,512
1,Banana,20,1,MF.RWMH,0.05,-0.9426759715072199,-1.287312881935552,107.83412092649112,512
1,Banana,20,1,MF.RWMH,0.1,-0.9426759715072182,-1.287312881935552,107.83412092648851,512
1,Banana,20,20,MF.HMC,0.01,-0.6717064132322088,-0.7780767514540373,365.80493193104337,512
1,Banana,20,20,MF.HMC,0.05,-0.028954259551543515,-0.21023899338880828,257.4435912980926,512
1,Banana,20,20,MF.HMC,0.1,0.0028316880025567315,-0.09833856243726534,393.0044520012397,512
1,Banana,20,20,MF.MALA,0.01,-0.937594989279968,-1.1222447788184915,205.07734109636507,512
1,Banana,20,20,MF.MALA,0.05,-0.7981973617047426,-0.9694423799822967,155.76887673083175,512
1,Banana,20,20,MF.MALA,0.1,-0.7341308553382726,-0.8981929714911451,189.87688192302102,512
1,Banana,20,20,MF.RWMH,0.01,-0.715097944521891,-1.2505750962891828,39.003086940601484,512
1,Banana,20,20,MF.RWMH,0.05,-0.6746607650731091,-1.2022092643620965,16.09122516864906,512
1,Banana,20,20,MF.RWMH,0.1,-0.9374509572083181,-1.126766126082338,179.4393560747183,512
1,Banana,20,5,MF.HMC,0.01,-0.7304004097275216,-0.8925570750557041,328.0459838707395,512
1,Banana,20,5,MF.HMC,0.05,-0.29454021145983056,-0.5511718238754345,280.82549267283747,512
1,Banana,20,5,MF.HMC,0.1,32.33528572963039,-0.32431959986258707,1.0000000000000147,512
1,Banana,20,5,MF.MALA,0.01,-1.0385392798067707,-1.2385422408330522,282.0258317679396,512
1,Banana,20,5,MF.MALA,0.05,-0.940736285965154,-1.0592494931876373,298.5542793005918,512
1,Banana,20,5,MF.MALA,0.1,-0.8300686107112023,-1.0253504546513532,320.2452336776292,512
1,Banana,20,5,MF.RWMH,0.01,-1.067402520329586,-1.3557450101906374,230.52839966780115,512
1,Banana,20,5,MF.RWMH,0.05,-1.0801543283337658,-1.3186547179370829,289.7489982635983,512
1,Banana,20,5,MF.RWMH,0.1,-1.0372266855891237,-1.2446823741192756,307.3496712452965,512
1,Banana,50,10,MF.HMC,0.01,-0.5221951879823683,-0.6351977482268485,362.3059591301249,512
1,Banana,50,10,MF.HMC,0.05,-0.013310498772706403,-0.16504809043731633,343.9166555623094,512
1,Banana,50,10,MF.HMC,0.1,8.320350423483315,0.11428558798151177,1.0021528912978588,512
1,Banana,50,10,MF.MALA,0.01,-0.9269891687403833,-1.0331107784759794,320.1938486910192,512
1,Banana,50,10,MF.MALA,0.05,-0.7934697138944813,-0.9091686438385258,324.9793257567049,512
1,Banana,50,10,MF.MALA,0.1,-0.5980399576561464,-0.7663575342573828,248.98648203301826,512
1,Banana,50,10,MF.RWMH,0.01,-1.0235884003872906,-1.2295254240112103,279.05232016364596,512
1,Banana,50,10,MF.RWMH,0.05,-0.9575199485751709,-1.1437859098394574,206.19580303427185,512
1,Banana,50,10,MF.RWMH,0.1,-0.8192830893078726,-0.9984842389471691,233.30919518992582,512
1,Banana,50,1,MF.HMC,0.01,-0.8864186238987157,-1.2210039721141661,139.42004306324105,512
1,Banana,50,1,MF.HMC,0.05,70.177463267661,-0.9427646865935256,1.0,512
1,Banana,50,1,MF.HMC,0.1,1061.587832142898,32.25655586796377,1.0,512
1,Banana,50,1,MF.MALA,0.01,-0.8864186244607088,-1.221003964466826,139.42004363631352,512
1,Banana,50,1,MF.MALA,0.05,-0.8864186244622667,-1.221003965051808,139.4200436358228,512
1,Banana,50,1,MF.MALA,0.1,-0.8864186244648655,-1.2210039644878061,139.42004363533616,512
1,Banana,50,1,MF.RWMH,0.01,-0.8864186244607613,-1.2210039644668977,139.42004363630792,512
1,Banana,50,1,MF.RWMH,0.05,-0.886418624460787,-1.2210039644669177,139.42004363630298,512
1,Banana,50,1,MF.RWMH,0.1,-0.8864186244607524,-1.2210039644668933,139.420043636294,512
1,Banana,50,20,MF.HMC,0.01,-0.37387283745657385,-0.6132376851125902,62.57234841807204,512
1,Banana,50,20,MF.HMC,0.05,-0.033626316854406646,-0.1403481080251495,387.893858572992,512
1,Banana,50,20,MF.HMC,0.1,0.1462493969018377,0.03934392391552324,392.26184323421296,512
1,Banana,50,20,MF.MALA,0.01,-0.5438727904228582,-0.9872568950692853,24.831778850600735,512
1,Banana,50,20,MF.MALA,0.05,-0.34594168823282345,-0.8324005523235168,11.945548922422939,512
1,Banana,50,20,MF.MALA,0.1,-0.5755590707651264,-0.744354610176298,243.11181446183417,512
1,Banana,50,20,MF.RWMH,0.01,-0.7474125338015627,-1.1965573543365737,77.32038927310822,512
1,Banana,50,20,MF.RWMH,0.05,-0.8364513414310144,-1.1086536198663186,158.80314420584472,512
1,Banana,50,20,MF.RWMH,0.1,-0.7451153442533149,-1.0078225061234436,133.8627568159243,512
1,Banana,50,5,MF.HMC,0.01,-0.4130791372710405,-0.6768641714795623,151.3656077838325,512
1,Banana,50,5,MF.HMC,0.05,-0.06753785346096652,-0.3766278207365939,205.5136886939928,512
1,Banana,50,5,MF.HMC,0.1,53.27073820059815,0.8189117627914348,1.000000023564654,512
1,Banana,50,5,MF.MALA,0.01,-0.763495879219998,-1.0440196317455352,88.36306034196569,512
1,Banana,50,5,MF.MALA,0.05,-0.4461986122070485,-0.9189916357767339,22.973357407342498,512
1,Banana,50,5,MF.MALA,0.1,-0.41005654287850835,-0.8639519044653604,28.821332554458493,512
1,Banana,50,5,MF.RWMH,0.01,-0.9223317958779766,-1.2446765547304934,130.22578240083513,512
1,Banana,50,5,MF.RWMH,0.05,-0.858645790836106,-1.1274061666126347,214.83446464433808,512
1,Banana,50,5,MF.RWMH,0.1,-0.8337422689200356,-1.0553770962542937,182.34085102517074,512
1,Cross,0,10,MF.HMC,0.01,-0.17464885526570129,-0.8360277943347065,10.8007764160343,512
1,Cross,0,10,MF.HMC,0.05,-0.17464885526570129,-0.8360277943347065,10.8007764160343,512
1,Cross,0,10,MF.HMC,0.1,-0.17464885526570129,-0.8360277943347065,10.8007764160343,512
1,Cross,0,10,MF.MALA,0.01,-0.17464885526570129,-0.8360277943347065,10.8007764160343,512
1,Cross,0,10,MF.MALA,0.05,-0.17464885526570129,-0.8360277943347065,10.8007764160343,512
1,Cross,0,10,MF.MALA,0.1,-0.17464885526570129,-0.8360277943347065,10.8007764160343,512
1,Cross,0,10,MF.RWMH,0.01,-0.17464885526570129,-0.8360277943347065,10.8007764160343,512
1,Cross,0,10,MF.RWMH,0.05,-0.17464885526570129,-0.8360277943347065,10.8007764160343,512
1,Cross,0,10,MF.RWMH,0.1,-0.17464885526570129,-0.8360277943347065,10.8007764160343,512
1,Cross,0,1,MF.HMC,0.01,-0.17464885526570129,-0.8360277943347065,10.8007764160343,512
1,Cross,0,1,MF.HMC,0.05,-0.17464885526570129,-0.8360277943347065,10.8007764160343,512
1,Cross,0,1,MF.HMC,0.1,-0.17464885526570129,-0.8360277943347065,10.8007764160343,512
1,Cross,0,1,MF.MALA,0.01,-0.17464885526570129,-0.8360277943347065,10.8007764160343,512
1,Cross,0,1,MF.MALA,0.05,-0.17464885526570129,-0.8360277943347065,10.8007764160343,512
1,Cross,0,1,MF.MALA,0.1,-0.17464885526570129,-0.8360277943347065,10.8007764160343,512
1,Cross,0,1,MF.RWMH,0.01,-0.17464885526570129,-0.8360277943347065,10.8007764160343,512
1,Cross,0,1,MF.RWMH,0.05,-0.17464885526570129,-0.8360277943347065,10.8007764160343,512
1,Cross,0,1,MF.RWMH,0.1,-0.17464885526570129,-0.8360277943347065,10.8007764160343,512
1,Cross,0,20,MF.HMC,0.01,-0.17464885526570129,-0.8360277943347064,10.8007764160343,512
1,Cross,0,20,MF.HMC,0.05,-0.17464885526570129,-0.8360277943347064,10.8007764160343,512
1,Cross,0,20,MF.HMC,0.1,-0.17464885526570129,-0.8360277943347064,10.8007764160343,512
1,Cross,0,20,MF.MALA,0.01,-0.17464885526570129,-0.8360277943347064,10.8007764160343,512
1,Cross,0,20,MF.MALA,0.05,-0.17464885526570129,-0.8360277943347064,10.8007764160343,512
1,Cross,0,20,MF.MALA,0.1,-0.17464885526570129,-0.8360277943347064,10.8007764160343,512
1,Cross,0,20,MF.RWMH,0.01,-0.17464885526570129,-0.8360277943347064,10.8007764160343,512
1,Cross,0,20,MF.RWMH,0.05,-0.17464885526570129,-0.8360277943347064,10.8007764160343,512
1,Cross,0,20,MF.RWMH,0.1,-0.17464885526570129,-0.8360277943347064,10.8007764160343,512
1,Cross,0,5,MF.HMC,0.01,-0.17464885526570129,-0.8360277943347065,10.8007764160343,512
1,Cross,0,5,MF.HMC,0.05,-0.17464885526570129,-0.8360277943347065,10.8007764160343,512
1,Cross,0,5,MF.HMC,0.1,-0.17464885526570129,-0.8360277943347065,10.8007764160343,512
1,Cross,0,5,MF.MALA,0.01,-0.17464885526570129,-0.8360277943347065,10.8007764160343,512
1,Cross,0,5,MF.MALA,0.05,-0.17464885526570129,-0.8360277943347065,10.8007764160343,512
1,Cross,0,5,MF.MALA,0.1,-0.17464885526570129,-0.8360277943347065,10.8007764160343,512
1,Cross,0,5,MF.RWMH,0.01,-0.17464885526570129,-0.8360277943347065,10.8007764160343,512
1,Cross,0,5,MF.RWMH,0.05,-0.17464885526570129,-0.8360277943347065,10.8007764160343,512
1,Cross,0,5,MF.RWMH,0.1,-0.17464885526570129,-0.8360277943347065,10.8007764160343,512
1,Cross,100,10,MF.HMC,0.01,0.006910488410754034,-0.1216338612275782,391.1641690141178,512
1,Cross,100,10,MF.HMC,0.05,0.23112678992087865,0.09298308211622322,348.8635178712081,512
1,Cross,100,10,MF.HMC,0.1,0.30611001360462176,0.14043454812209005,325.99338001672595,512
1,Cross,100,10,MF.MALA,0.01,-0.2243931021703176,-0.4924156774178823,166.06301250384666,512
1,Cross,100,10,MF.MALA,0.05,-0.1227920481451994,-0.350942332010283,232.73352279398932,512
1,Cross,100,10,MF.MALA,0.1,-0.028423829203359396,-0.2680958419767835,255.54509503262517,512
1,Cross,100,10,MF.RWMH,0.01,-0.6069810427996378,-0.8341548090673429,394.4593234880471,512
1,Cross,100,10,MF.RWMH,0.05,-0.523100554203209,-0.7042762335690046,350.1313259110377,512
1,Cross,100,10,MF.RWMH,0.1,-0.39349808949830933,-0.5544812470486615,304.3751909626833,512
1,Cross,100,1,MF.HMC,0.01,-0.6453663440980968,-0.8753376016078458,390.10099831805724,512
1,Cross,100,1,MF.HMC,0.05,440.25018046473497,48.26222126591166,1.5006304985903147,512
1,Cross,100,1,MF.HMC,0.1,387.0847952588788,49.61833451727363,1.9788186501343106,512
1,Cross,100,1,MF.MALA,0.01,-0.6452532891350025,-0.8752495910669973,390.0921092375819,512
1,Cross,100,1,MF.MALA,0.05,-0.6452532893363667,-0.8752495915743754,390.0921091285166,512
1,Cross,100,1,MF.MALA,0.1,-0.6452532897078909,-0.8752495918009984,390.09210919653265,512
1,Cross,100,1,MF.RWMH,0.01,-0.6452532892967175,-0.8752495915048737,390.0921091479456,512
1,Cross,100,1,MF.RWMH,0.05,-0.6452532892967051,-0.8752495915048684,390.09210914794164,512
1,Cross,100,1,MF.RWMH,0.1,-0.6452532892966287,-0.8752495915046772,390.0921091479921,512
1,Cross,100,20,MF.HMC,0.01,0.02361304601458869,-0.07635336206072446,404.90785835445723,512
1,Cross,100,20,MF.HMC,0.05,0.09403447588926017,0.028579966112603765,439.13394875616973,512
1,Cross,100,20,MF.HMC,0.1,0.11191029699781385,0.0602334001242844,458.27605474110476,512
1,Cross,100,20,MF.MALA,0.01,-0.17154844211244313,-0.45641138841838635,149.2178777346415,512
1,Cross,100,20,MF.MALA,0.05,0.08763422822240319,-0.24714752349414904,170.54984957463952,512
1,Cross,100,20,MF.MALA,0.1,-0.08088279639899909,-0.24837576272647813,316.4550442245149,512
1,Cross,100,20,MF.RWMH,0.01,-0.6176444895304396,-0.8656506663113452,355.5453831757655,512
1,Cross,100,20,MF.RWMH,0.05,-0.5081679867460629,-0.7328494754115454,243.40844200571243,512
1,Cross,100,20,MF.RWMH,0.1,-0.26545579713595213,-0.5042700125443028,196.27678833593302,512
1,Cross,100,5,MF.HMC,0.01,-0.04583444328024733,-0.23032763060509778,338.693066157915,512
1,Cross,100,5,MF.HMC,0.05,65.1077206977584,0.8545371141039138,1.0001444567713356,512
1,Cross,100,5,MF.HMC,0.1,91.23679344545045,0.7769790330347777,1.0,512
1,Cross,100,5,MF.MALA,0.01,0.5760375740698223,-0.5588493138887728,2.5556825099127782,512
1,Cross,100,5,MF.MALA,0.05,-0.22669979060980783,-0.4313791354111498,285.32176342468307,512
1,Cross,100,5,MF.MALA,0.1,0.20874227090608155,-0.4257243196633282,6.845117519183533,512
1,Cross,100,5,MF.RWMH,0.01,-0.3106563108533136,-0.8633394645974826,11.605780846013328,512
1,Cross,100,5,MF.RWMH,0.05,0.1587871721483438,-0.7624417733587189,3.5419129216817695,512
1,Cross,100,5,MF.RWMH,0.1,-0.45896277671139885,-0.6234341230583722,233.5673675312845,512
1,Cross,10,10,MF.HMC,0.01,-0.2443737111627975,-0.4635899608667418,215.7832654689192,512
1,Cross,10,10,MF.HMC,0.05,0.005020963009798152,-0.21097043824063452,267.01458178560944,512
1,Cross,10,10,MF.HMC,0.1,-0.008671190286077213,-0.16285868185595886,354.2772475810209,512
1,Cross,10,10,MF.MALA,0.01,-0.44442131774325144,-0.782596873614306,74.43845139118017,512
1,Cross,10,10,MF.MALA,0.05,-0.5012044617962959,-0.6662113943198711,351.58469444959127,512
1,Cross,10,10,MF.MALA,0.1,-0.5242853129837508,-0.6612072676873819,372.1534059357477,512
1,Cross,10,10,MF.RWMH,0.01,-0.6147152702477623,-0.8379425846286457,362.09276301089545,512
1,Cross,10,10,MF.RWMH,0.05,-0.6145924618485452,-0.8247156417880357,389.04639763342027,512
1,Cross,10,10,MF.RWMH,0.1,-0.5679233587622008,-0.7794961341553097,368.38603582682777,512
1,Cross,10,1,MF.HMC,0.01,-0.666273632713172,-0.9183399985682932,359.91665887085225,512
1,Cross,10,1,MF.HMC,0.05,-0.6662735205927319,-0.918339608951217,359.9167237363718,512
1,Cross,10,1,MF.HMC,0.1,-0.6662750742814127,-0.9183406524867742,359.91674136322297,512
1,Cross,10,1,MF.MALA,0.01,-0.6662736327131666,-0.9183399985674788,359.9166588708372,512
1,Cross,10,1,MF.MALA,0.05,-0.6662736327131666,-0.9183399985674785,359.91665887083764,512
1,Cross,10,1,MF.MALA,0.1,-0.6662736327131675,-0.9183399985674793,359.91665887083724,512
1,Cross,10,1,MF.RWMH,0.01,-0.6662736327131666,-0.918339998567479,359.916658870837,512
1,Cross,10,1,MF.RWMH,0.05,-0.6662736327131666,-0.9183399985674792,359.9166588708369,512
1,Cross,10,1,MF.RWMH,0.1,-0.6662736327131675,-0.9183399985674792,359.91665887083707,512
1,Cross,10,20,MF.HMC,0.01,-0.09716320696626202,-0.3939538694531009,149.85116400021948,512
1,Cross,10,20,MF.HMC,0.05,-0.006998940435617662,-0.16815626947613882,330.0640773859975,512
1,Cross,10,20,MF.HMC,0.1,-0.04093003007624052,-0.13350693742902484,415.6478058572789,512
1,Cross,10,20,MF.MALA,0.01,-0.44510412836687596,-0.7898519475054676,62.556465702171224,512
1,Cross,10,20,MF.MALA,0.05,-0.490632703028953,-0.7014009860485861,196.97000557854548,512
1,Cross,10,20,MF.MALA,0.1,-0.4972260999720577,-0.6595906462394816,319.4516350678101,512
1,Cross,10,20,MF.RWMH,0.01,-0.6009733473519674,-0.8920626410185434,186.44258068254933,512
1,Cross,10,20,MF.RWMH,0.05,-0.594599167151304,-0.8699926086955734,188.88405575186118,512
1,Cross,10,20,MF.RWMH,0.1,-0.6151472514707015,-0.8304684217663932,356.15891151907476,512
1,Cross,10,5,MF.HMC,0.01,-0.4309562470467858,-0.5922556425774208,340.94026533225156,512
1,Cross,10,5,MF.HMC,0.05,-0.07114201180295776,-0.3043719289184496,304.8457533173585,512
1,Cross,10,5,MF.HMC,0.1,-0.07574596528716437,-0.2839612935400469,342.0833460177404,512
1,Cross,10,5,MF.MALA,0.01,-0.5922843789915797,-0.8248105909604976,385.9213694032942,512
1,Cross,10,5,MF.MALA,0.05,-0.5057830676752824,-0.7363984607662053,228.87519669376945,512
1,Cross,10,5,MF.MALA,0.1,-0.5155747637929613,-0.716079680625827,363.0715380910147,512
1,Cross,10,5,MF.RWMH,0.01,-0.5981231161879776,-0.8652356630878812,351.286125108673,512
1,Cross,10,5,MF.RWMH,0.05,-0.6105606814742037,-0.8572578577180585,388.46159179586016,512
1,Cross,10,5,MF.RWMH,0.1,-0.5684931378273914,-0.8087072122212021,371.00613981255793,512
1,Cross,200,10,MF.HMC,0.01,0.04303309933799948,-0.07772913397688708,379.081795446404,512
1,Cross,200,10,MF.HMC,0.05,7.672214037817382,0.12674612378989616,1.0011705538466968,512
1,Cross,200,10,MF.HMC,0.1,14.892780583435805,0.10749019839724883,1.0000008244231529,512
1,Cross,200,10,MF.MALA,0.01,-0.21398428075102327,-0.4424387960113034,233.2935991862674,512
1,Cross,200,10,MF.MALA,0.05,-0.03249092059551639,-0.260885317159627,263.8661601382176,512
1,Cross,200,10,MF.MALA,0.1,0.028113679857497686,-0.18507867344018822,292.25599042091744,512
1,Cross,200,10,MF.RWMH,0.01,-0.5639773648116622,-0.817298505596528,309.63024456772064,512
1,Cross,200,10,MF.RWMH,0.05,-0.4115218940674348,-0.6254308124467977,177.65346778904413,512
1,Cross,200,10,MF.RWMH,0.1,-0.21306990087232602,-0.4437953227340108,231.9472848714395,512
1,Cross,200,1,MF.HMC,0.01,219.05797296133872,3.1468691165956737,1.0000051310211944,512
1,Cross,200,1,MF.HMC,0.05,351.21102192516906,54.48066290830125,1.0000000004038698,512
1,Cross,200,1,MF.HMC,0.1,408.5295703034335,41.05863009249213,1.0073599823001713,512
1,Cross,200,1,MF.MALA,0.01,-0.6555004464340142,-0.8754562352776976,388.77404219017023,512
1,Cross,200,1,MF.MALA,0.05,-0.6555356872026703,-0.8754392836610477,388.7881940963034,512
1,Cross,200,1,MF.MALA,0.1,-0.6567678187123125,-0.8763886809520491,388.79323027078533,512
1,Cross,200,1,MF.RWMH,0.01,-0.655535691955162,-0.8754386754933395,388.7882973716766,512
1,Cross,200,1,MF.RWMH,0.05,-0.6555356919551736,-0.8754386754933513,388.7882973716766,512
1,Cross,200,1,MF.RWMH,0.1,-0.6555356919551638,-0.8754386754933429,388.7882973716746,512
1,Cross,200,20,MF.HMC,0.01,0.030867051870518303,-0.03992564406064451,405.2726031515428,512
1,Cross,200,20,MF.HMC,0.05,0.13791864727744496,0.07191729055542613,445.5670595328381,512
1,Cross,200,20,MF.HMC,0.1,0.10729278631198458,0.05294768540122388,452.8707242475758,512
1,Cross,200,20,MF.MALA,0.01,-0.22156616432439424,-0.3725111193312998,289.1175119120668,512
1,Cross,200,20,MF.MALA,0.05,0.039751852610454996,-0.14045499113728063,330.5977719787457,512
1,Cross,200,20,MF.MALA,0.1,0.005046615014390632,-0.1538493665702122,328.3201207391237,512
1,Cross,200,20,MF.RWMH,0.01,-0.5035377124006386,-0.8367322946004098,90.18201952898937,512
1,Cross,200,20,MF.RWMH,0.05,-0.3753335645685212,-0.6224742584469687,188.55696297449393,512
1,Cross,200,20,MF.RWMH,0.1,-0.08315949932005395,-0.3963392266068819,110.27877799994067,512
1,Cross,200,5,MF.HMC,0.01,9.785781250143465,-0.09095454865650467,1.9931505756226686,512
1,Cross,200,5,MF.HMC,0.05,39.949282324265354,0.5362807851487625,1.0498468149030986,512
1,Cross,200,5,MF.HMC,0.1,29.968185849469133,0.44599111087769305,1.0000003376652022,512
1,Cross,200,5,MF.MALA,0.01,-0.38521997857315515,-0.5388066387741157,337.6300756372797,512
1,Cross,200,5,MF.MALA,0.05,-0.13438438213521664,-0.36100116441342606,287.84290567620826,512
1,Cross,200,5,MF.MALA,0.1,-0.07809362204080461,-0.30363599435562105,280.94258526409067,512
1,Cross,200,5,MF.RWMH,0.01,-0.6289913354052112,-0.8672451329034208,324.0243934545794,512
1,Cross,200,5,MF.RWMH,0.05,-0.537869720935289,-0.7088759336376483,337.20945505556455,512
1,Cross,200,5,MF.RWMH,0.1,-0.34846894645666016,-0.5087988676659215,322.2108506823826,512
1,Cross,20,10,MF.HMC,0.01,-0.13339036376583113,-0.3638484896092926,240.67536406128386,512
1,Cross,20,10,MF.HMC,0.05,-0.0050083552698199085,-0.1484694909044135,348.8492982609015,512
1,Cross,20,10,MF.HMC,0.1,0.01710947100735538,-0.1128566757129915,380.31265474980177,512
1,Cross,20,10,MF.MALA,0.01,-0.5561924476264508,-0.7302978912900392,403.0591947369577,512
1,Cross,20,10,MF.MALA,0.05,-0.4795928665645146,-0.6166308149527944,349.54661109180375,512
1,Cross,20,10,MF.MALA,0.1,-0.27226546961940823,-0.5265102011865564,165.413951182783,512
1,Cross,20,10,MF.RWMH,0.01,-0.5972260078739575,-0.8367154954173264,380.603982626071,512
1,Cross,20,10,MF.RWMH,0.05,-0.5653051079132689,-0.8063264129458448,304.0223266269639,512
1,Cross,20,10,MF.RWMH,0.1,-0.5806179780717171,-0.7639064715231315,404.34184655998564,512
1,Cross,20,1,MF.HMC,0.01,-0.645253289295864,-0.8752495915041865,390.0921091480141,512
1,Cross,20,1,MF.HMC,0.05,-0.6453127412116091,-0.8753435539457575,390.06807415216315,512
1,Cross,20,1,MF.HMC,0.1,122.20145659509107,0.06126933279025036,1.0000000000001954,512
1,Cross,20,1,MF.MALA,0.01,-0.6452532892967113,-0.8752495915048659,390.0921091479481,512
1,Cross,20,1,MF.MALA,0.05,-0.6452532892967096,-0.8752495915048668,390.09210914794835,512
1,Cross,20,1,MF.MALA,0.1,-0.6452532892967104,-0.8752495915048619,390.092109147948,512
1,Cross,20,1,MF.RWMH,0.01,-0.6452532892967104,-0.8752495915048653,390.0921091479485,512
1,Cross,20,1,MF.RWMH,0.05,-0.6452532892967104,-0.8752495915048647,390.0921091479485,512
1,Cross,20,1,MF.RWMH,0.1,-0.6452532892967069,-0.8752495915048633,390.09210914794863,512
1,Cross,20,20,MF.HMC,0.01,0.07554227685320569,-0.23526496622322912,185.56161293834077,512
1,Cross,20,20,MF.HMC,0.05,0.008508276087336064,-0.08976513756661289,411.3476685711949,512
1,Cross,20,20,MF.HMC,0.1,0.008738531382364911,-0.054830006219348804,452.7962727501885,512
1,Cross,20,20,MF.MALA,0.01,-0.45193089219015103,-0.7472259564894839,156.8179108921289,512
1,Cross,20,20,MF.MALA,0.05,-0.33312282329031717,-0.5720719759226047,140.74942078677148,512
1,Cross,20,20,MF.MALA,0.1,-0.33588060881099313,-0.5453079456146239,207.41359200760738,512
1,Cross,20,20,MF.RWMH,0.01,-0.6441673650420752,-0.8776169211625756,383.4284941737062,512
1,Cross,20,20,MF.RWMH,0.05,-0.6059115322411381,-0.8419522741850702,359.01657695821183,512
1,Cross,20,20,MF.RWMH,0.1,-0.5171709015573223,-0.7468284145903169,259.4769815895857,512
1,Cross,20,5,MF.HMC,0.01,-0.26672283361948335,-0.4399501585200812,323.69651084338244,512
1,Cross,20,5,MF.HMC,0.05,-0.039817068353917406,-0.24124534443326975,310.89669007837756,512
1,Cross,20,5,MF.HMC,0.1,41.69216983116742,-0.11959479796220693,1.0,512
1,Cross,20,5,MF.MALA,0.01,0.2712732754886389,-0.7897808112844047,3.0786615419644083,512
1,Cross,20,5,MF.MALA,0.05,-0.5497994083763365,-0.6759881139337722,379.279917431672,512
1,Cross,20,5,MF.MALA,0.1,-0.4632317589582877,-0.6195381832933992,322.0744167759671,512
1,Cross,20,5,MF.RWMH,0.01,-0.43999192381044594,-0.8710157393365855,24.192936821153406,512
1,Cross,20,5,MF.RWMH,0.05,-0.619030337317052,-0.8637331429964298,267.64499474557897,512
1,Cross,20,5,MF.RWMH,0.1,-0.612095103419704,-0.8217139148209598,331.5622215361094,512
1,Cross,50,10,MF.HMC,0.01,-0.006823675348508473,-0.2106975345072126,280.90172160946366,512
1,Cross,50,10,MF.HMC,0.05,-0.0043406961839940195,-0.11200753186404883,403.08283451962717,512
1,Cross,50,10,MF.HMC,0.1,0.21054021661202516,0.07000634042140508,367.6078373923883,512
1,Cross,50,10,MF.MALA,0.01,-0.3755072110082276,-0.6061161678196272,219.0663730826015,512
1,Cross,50,10,MF.MALA,0.05,-0.26817908278723035,-0.45368028688651135,240.50135639990296,512
1,Cross,50,10,MF.MALA,0.1,-0.20897819709585086,-0.4111190384333558,236.98173277659683,512
1,Cross,50,10,MF.RWMH,0.01,-0.6233003279783134,-0.8365646229787012,387.86276384517737,512
1,Cross,50,10,MF.RWMH,0.05,-0.5779348633549413,-0.7620011253375514,364.74093746262963,512
1,Cross,50,10,MF.RWMH,0.1,-0.4771022588608398,-0.6711368399931339,291.4423210865423,512
1,Cross,50,1,MF.HMC,0.01,-0.6662736292787317,-0.9183399997683988,359.91665856800046,512
1,Cross,50,1,MF.HMC,0.05,329.7862363812649,5.046335698759661,1.0,512
1,Cross,50,1,MF.HMC,0.1,504.3867025535973,39.374858206739724,1.0,512
1,Cross,50,1,MF.MALA,0.01,-0.6662736327130725,-0.9183399985674067,359.9166588708209,512
1,Cross,50,1,MF.MALA,0.05,-0.6662736327123273,-0.9183399985668649,359.9166588710216,512
1,Cross,50,1,MF.MALA,0.1,-0.6662736327127332,-0.9183399985670281,359.9166588709224,512
1,Cross,50,1,MF.RWMH,0.01,-0.6662736327131649,-0.9183399985674785,359.9166588708369,512
1,Cross,50,1,MF.RWMH,0.05,-0.6662736327131666,-0.9183399985674775,359.91665887083764,512
1,Cross,50,1,MF.RWMH,0.1,-0.6662736327131675,-0.918339998567481,359.9166588708368,512
1,Cross,50,20,MF.HMC,0.01,0.006280524571819157,-0.13318802688263992,359.00267620978474,512
1,Cross,50,20,MF.HMC,0.05,-0.013848942582154855,-0.06490031639303401,462.97906130637597,512
1,Cross,50,20,MF.HMC,0.1,0.07672231873925917,0.026768911657451034,457.44923609095787,512
1,Cross,50,20,MF.MALA,0.01,-0.29549422212653464,-0.5963065160174059,144.1324278689967,512
1,Cross,50,20,MF.MALA,0.05,-0.1234275634005142,-0.3892410471415518,110.48658696523478,512
1,Cross,50,20,MF.MALA,0.1,-0.06687096802557324,-0.337874638519382,188.30577242052362,512
1,Cross,50,20,MF.RWMH,0.01,-0.6224280315828823,-0.8827491176540587,260.32340212283003,512
1,Cross,50,20,MF.RWMH,0.05,-0.5458637661802799,-0.7761747402076917,280.9529758369922,512
1,Cross,50,20,MF.RWMH,0.1,-0.47124681277605074,-0.6739728432210519,143.1197891781699,512
1,Cross,50,5,MF.HMC,0.01,-0.13998205019607557,-0.3679464244030731,313.0454128200404,512
1,Cross,50,5,MF.HMC,0.05,0.07505167821502123,-0.14155883947734094,320.83371314870084,512
1,Cross,50,5,MF.HMC,0.1,83.39503377964733,0.6302974675309937,1.0,512
1,Cross,50,5,MF.MALA,0.01,-0.48885364661511765,-0.6957094648063913,238.87699531899693,512
1,Cross,50,5,MF.MALA,0.05,-0.37263793875488016,-0.5362911113927026,356.9797250924085,512
1,Cross,50,5,MF.MALA,0.1,-0.3245417873390304,-0.5172934411097595,315.0049544159731,512
1,Cross,50,5,MF.RWMH,0.01,-0.6113138524545301,-0.8639398993440743,385.42019691219303,512
1,Cross,50,5,MF.RWMH,0.05,-0.5147080259376464,-0.7763057156704968,240.25705687479663,512
1,Cross,50,5,MF.RWMH,0.1,-0.4915121985787163,-0.7127026318047506,238.7902520960448,512
1,Funnel,0,10,MF.HMC,0.01,-1.0649397961472928,-1.961245633050227,42.21443325420766,512
1,Funnel,0,10,MF.HMC,0.05,-1.0649397961472928,-1.961245633050227,42.21443325420766,512
1,Funnel,0,10,MF.HMC,0.1,-1.0649397961472928,-1.961245633050227,42.21443325420766,512
1,Funnel,0,10,MF.MALA,0.01,-1.0649397961472928,-1.961245633050227,42.21443325420766,512
1,Funnel,0,10,MF.MALA,0.05,-1.0649397961472928,-1.961245633050227,42.21443325420766,512
1,Funnel,0,10,MF.MALA,0.1,-1.0649397961472928,-1.961245633050227,42.21443325420766,512
1,Funnel,0,10,MF.RWMH,0.01,-1.0649397961472928,-1.961245633050227,42.21443325420766,512
1,Funnel,0,10,MF.RWMH,0.05,-1.0649397961472928,-1.961245633050227,42.21443325420766,512
1,Funnel,0,10,MF.RWMH,0.1,-1.0649397961472928,-1.961245633050227,42.21443325420766,512
1,Funnel,0,1,MF.HMC,0.01,-1.0649397961472928,-1.961245633050227,42.21443325420766,512
1,Funnel,0,1,MF.HMC,0.05,-1.0649397961472928,-1.961245633050227,42.21443325420766,512
1,Funnel,0,1,MF.HMC,0.1,-1.0649397961472928,-1.961245633050227,42.21443325420766,512
1,Funnel,0,1,MF.MALA,0.01,-1.0649397961472928,-1.961245633050227,42.21443325420766,512
1,Funnel,0,1,MF.MALA,0.05,-1.0649397961472928,-1.961245633050227,42.21443325420766,512
1,Funnel,0,1,MF.MALA,0.1,-1.0649397961472928,-1.961245633050227,42.21443325420766,512
1,Funnel,0,1,MF.RWMH,0.01,-1.0649397961472928,-1.961245633050227,42.21443325420766,512
1,Funnel,0,1,MF.RWMH,0.05,-1.0649397961472928,-1.961245633050227,42.21443325420766,512
1,Funnel,0,1,MF.RWMH,0.1,-1.0649397961472928,-1.961245633050227,42.21443325420766,512
1,Funnel,0,20,MF.HMC,0.01,-1.0649397961472937,-1.961245633050227,42.21443325420766,512
1,Funnel,0,20,MF.HMC,0.05,-1.0649397961472937,-1.961245633050227,42.21443325420766,512
1,Funnel,0,20,MF.HMC,0.1,-1.0649397961472937,-1.961245633050227,42.21443325420766,512
1,Funnel,0,20,MF.MALA,0.01,-1.0649397961472937,-1.961245633050227,42.21443325420766,512
1,Funnel,0,20,MF.MALA,0.05,-1.0649397961472937,-1.961245633050227,42.21443325420766,512
1,Funnel,0,20,MF.MALA,0.1,-1.0649397961472937,-1.961245633050227,42.21443325420766,512
1,Funnel,0,20,MF.RWMH,0.01,-1.0649397961472937,-1.961245633050227,42.21443325420766,512
1,Funnel,0,20,MF.RWMH,0.05,-1.0649397961472937,-1.961245633050227,42.21443325420766,512
1,Funnel,0,20,MF.RWMH,0.1,-1.0649397961472937,-1.961245633050227,42.21443325420766,512
1,Funnel,0,5,MF.HMC,0.01,-1.0649397961472928,-1.961245633050227,42.21443325420766,512
1,Funnel,0,5,MF.HMC,0.05,-1.0649397961472928,-1.961245633050227,42.21443325420766,512
1,Funnel,0,5,MF.HMC,0.1,-1.0649397961472928,-1.961245633050227,42.21443325420766,512
1,Funnel,0,5,MF.MALA,0.01,-1.0649397961472928,-1.961245633050227,42.21443325420766,512
1,Funnel,0,5,MF.MALA,0.05,-1.0649397961472928,-1.961245633050227,42.21443325420766,512
1,Funnel,0,5,MF.MALA,0.1,-1.0649397961472928,-1.961245633050227,42.21443325420766,512
1,Funnel,0,5,MF.RWMH,0.01,-1.0649397961472928,-1.961245633050227,42.21443325420766,512
1,Funnel,0,5,MF.RWMH,0.05,-1.0649397961472928,-1.961245633050227,42.21443325420766,512
1,Funnel,0,5,MF.RWMH,0.1,-1.0649397961472928,-1.961245633050227,42.21443325420766,512
1,Funnel,100,10,MF.HMC,0.01,-0.570771657793185,-0.7497266875781063,285.31502509267204,512
1,Funnel,100,10,MF.HMC,0.05,0.8655188845445645,-0.25676457998267965,8.502166217094981,512
1,Funnel,100,10,MF.HMC,0.1,0.4061420936797626,-0.263551935741608,16.610515764653407,512
1,Funnel,100,10,MF.MALA,0.01,-1.0535671224958953,-1.4268925668441472,79.59817296866834,512
1,Funnel,100,10,MF.MALA,0.05,-0.838261632300684,-1.0942692220285033,177.24898833712726,512
1,Funnel,100,10,MF.MALA,0.1,-0.8501547331499575,-1.0126335922555234,313.35354840187676,512
1,Funnel,100,10,MF.RWMH,0.01,0.029198114283995658,-1.767349630026472,2.6618193900586116,512
1,Funnel,100,10,MF.RWMH,0.05,-0.8294491307128276,-1.6398659832369178,15.874535623455635,512
1,Funnel,100,10,MF.RWMH,0.1,-0.362816662045673,-1.4552244872405213,8.453673306690256,512
1,Funnel,100,1,MF.HMC,0.01,23.52319684183379,-1.5921548133012686,1.0000462937762598,512
1,Funnel,100,1,MF.HMC,0.05,1665.3763544928631,32.95216038606423,1.0,512
1,Funnel,100,1,MF.HMC,0.1,7084.147638441294,227.4114074130302,1.0,512
1,Funnel,100,1,MF.MALA,0.01,-0.9104756302104997,-1.7899282685254865,22.24712203254373,512
1,Funnel,100,1,MF.MALA,0.05,-0.9104756301661094,-1.7899282901290294,22.247122030972072,512
1,Funnel,100,1,MF.MALA,0.1,-0.9104756298059842,-1.7899282676927544,22.24712204820017,512
1,Funnel,100,1,MF.RWMH,0.01,-0.9104756301885217,-1.7899282685328892,22.247122030886885,512
1,Funnel,100,1,MF.RWMH,0.05,-0.9104756301882171,-1.7899282685327331,22.247122030898527,512
1,Funnel,100,1,MF.RWMH,0.1,-0.9104756301882206,-1.7899282685327491,22.247122030898858,512
1,Funnel,100,20,MF.HMC,0.01,-0.4615727625654591,-0.673523312426414,278.50305147971403,512
1,Funnel,100,20,MF.HMC,0.05,-0.22498062761575088,-0.3769360062223035,327.22291073359975,512
1,Funnel,100,20,MF.HMC,0.1,-0.24678598201953594,-0.3700357493507685,372.61924216853987,512
1,Funnel,100,20,MF.MALA,0.01,-1.2107262904791805,-1.4637208306373388,200.83590452519044,512
1,Funnel,100,20,MF.MALA,0.05,-0.9549196809719858,-1.1096299489273664,328.08572082892954,512
1,Funnel,100,20,MF.MALA,0.1,-0.8226176393809705,-0.9773906296722971,345.0430349414215,512
1,Funnel,100,20,MF.RWMH,0.01,-1.4091489317295958,-1.8063940378478514,128.51534797401678,512
1,Funnel,100,20,MF.RWMH,0.05,-1.2405493315160365,-1.624365329379512,124.52350462829024,512
1,Funnel,100,20,MF.RWMH,0.1,-1.0159569597793157,-1.4144572040791394,109.52233890653936,512
1,Funnel,100,5,MF.HMC,0.01,1.1436956657237882,-0.9411726974652268,1.5400665184732405,512
1,Funnel,100,5,MF.HMC,0.05,84.49007930791518,0.44858434903515,1.0,512
1,Funnel,100,5,MF.HMC,0.1,35.49881734225288,0.22515887012001362,1.0000000000008673,512
1,Funnel,100,5,MF.MALA,0.01,-1.2621473353634052,-1.542899284256091,227.2937865675674,512
1,Funnel,100,5,MF.MALA,0.05,-0.9978819587119583,-1.293912907708384,261.1516641241876,512
1,Funnel,100,5,MF.MALA,0.1,-0.5295673695470562,-1.1897974977758559,9.27580513096942,512
1,Funnel,100,5,MF.RWMH,0.01,-1.0722563774024865,-1.876117005404764,17.0712399870288,512
1,Funnel,100,5,MF.RWMH,0.05,-1.2946456637550696,-1.738571214138505,112.3392969932134,512
1,Funnel,100,5,MF.RWMH,0.1,-0.33402365500325804,-1.5457868922120468,4.250685626784267,512
1,Funnel,10,10,MF.HMC,0.01,-1.1451350829798708,-1.3386418834711422,233.7158893364781,512
1,Funnel,10,10,MF.HMC,0.05,-0.6193379013866034,-0.785799769893864,325.2846964785313,512
1,Funnel,10,10,MF.HMC,0.1,-0.5573108619707652,-0.727599699312921,314.4492984376585,512
1,Funnel,10,10,MF.MALA,0.01,-1.364798492337365,-1.7319869451771934,82.07625648789534,512
1,Funnel,10,10,MF.MALA,0.05,-1.083126838920582,-1.5996324211728317,20.538593769147056,512
1,Funnel,10,10,MF.MALA,0.1,-1.2008764323613006,-1.514862243758293,74.63175270467521,512
1,Funnel,10,10,MF.RWMH,0.01,-1.3010665694559131,-1.7948944496768693,32.083371457793305,512
1,Funnel,10,10,MF.RWMH,0.05,-1.390697932177833,-1.7847144329815225,71.5488359475215,512
1,Funnel,10,10,MF.RWMH,0.1,-1.4473570665685918,-1.7572673276971118,131.23413021326786,512
1,Funnel,10,1,MF.HMC,0.01,-1.3660675187612528,-1.8426532066879433,160.774445958172,512
1,Funnel,10,1,MF.HMC,0.05,-1.3660675187279985,-1.842653206654659,160.77444597786675,512
1,Funnel,10,1,MF.HMC,0.1,-1.3699290390380359,-1.8434495501368697,161.45502454152117,512
1,Funnel,10,1,MF.MALA,0.01,-1.3660675187612759,-1.8426532066882393,160.77444595816962,512
1,Funnel,10,1,MF.MALA,0.05,-1.3660675187612759,-1.8426532066881536,160.77444595816962,512
1,Funnel,10,1,MF.MALA,0.1,-1.366067518761275,-1.842653206688234,160.7744459581697,512
1,Funnel,10,1,MF.RWMH,0.01,-1.366067518761275,-1.8426532066882286,160.7744459581695,512
1,Funnel,10,1,MF.RWMH,0.05,-1.3660675187612759,-1.842653206688229,160.77444595816962,512
1,Funnel,10,1,MF.RWMH,0.1,-1.3660675187612759,-1.8426532066882289,160.77444595816962,512
1,Funnel,10,20,MF.HMC,0.01,-0.9019362993040865,-1.2849624684878167,148.6851753706753,512
1,Funnel,10,20,MF.HMC,0.05,-0.6086704165713757,-0.7369791616602326,425.19794333743096,512
1,Funnel,10,20,MF.HMC,0.1,-0.5540006259296266,-0.7213336342839851,309.21956453751744,512
1,Funnel,10,20,MF.MALA,0.01,-0.9148503524827802,-1.6705502977100148,38.962514121181655,512
1,Funnel,10,20,MF.MALA,0.05,-0.9582732803206246,-1.563052245706707,34.28149284504655,512
1,Funnel,10,20,MF.MALA,0.1,-0.9279400040339665,-1.4582673112104032,33.29866377954562,512
1,Funnel,10,20,MF.RWMH,0.01,-0.8383093966550534,-1.7828939314886134,19.778167428623455,512
1,Funnel,10,20,MF.RWMH,0.05,-0.8200462729276028,-1.7305112486326883,24.03302675954229,512
1,Funnel,10,20,MF.RWMH,0.1,-0.8503676965512161,-1.689527698638217,26.01580619673921,512
1,Funnel,10,5,MF.HMC,0.01,-0.7999716213943877,-1.3331690539496317,41.532875224901765,512
1,Funnel,10,5,MF.HMC,0.05,-0.5320766414384268,-0.9382468328581108,37.283567961925336,512
1,Funnel,10,5,MF.HMC,0.1,-0.3622953769043571,-0.8762281709185307,18.723900767677215,512
1,Funnel,10,5,MF.MALA,0.01,-0.5336244494871414,-1.6374291411849344,8.246172324164275,512
1,Funnel,10,5,MF.MALA,0.05,-0.6510581003460612,-1.569254986933163,13.117831555112394,512
1,Funnel,10,5,MF.MALA,0.1,-0.6933370918820954,-1.480759871858055,13.18623766954293,512
1,Funnel,10,5,MF.RWMH,0.01,-0.7456451468254146,-1.722899250508005,23.68090261617241,512
1,Funnel,10,5,MF.RWMH,0.05,-0.6967981101198379,-1.6951589635082458,21.438274051681315,512
1,Funnel,10,5,MF.RWMH,0.1,-0.684452370135344,-1.6595327996735765,15.242628525364669,512
1,Funnel,200,10,MF.HMC,0.01,0.4600745137793334,-0.5432712553008318,5.428178075911628,512
1,Funnel,200,10,MF.HMC,0.05,266.87484453051604,0.45141739811499665,1.0,512
1,Funnel,200,10,MF.HMC,0.1,4.11072546919755,-0.12088723755058552,1.0450910115689271,512
1,Funnel,200,10,MF.MALA,0.01,-0.8530232628177439,-1.4147689914725377,77.81693489781736,512
1,Funnel,200,10,MF.MALA,0.05,-0.7839812898540819,-1.1389191417089597,121.66912579100163,512
1,Funnel,200,10,MF.MALA,0.1,-0.799006218727027,-1.0900630991758502,328.6643154098133,512
1,Funnel,200,10,MF.RWMH,0.01,-1.2240667068537538,-1.848010736175889,64.37614624943355,512
1,Funnel,200,10,MF.RWMH,0.05,-0.9738562782381797,-1.6481113478093978,33.45696036940413,512
1,Funnel,200,10,MF.RWMH,0.1,-0.8582905760605426,-1.401225317861966,54.843802823316565,512
1,Funnel,200,1,MF.HMC,0.01,26.22529951098792,0.9754489321629028,5.199432301669667,512
1,Funnel,200,1,MF.HMC,0.05,6069.162491888235,118.03340643597997,1.0,512
1,Funnel,200,1,MF.HMC,0.1,19934.86671382552,261.32732962190914,1.0,512
1,Funnel,200,1,MF.MALA,0.01,-1.3116299809402667,-1.9228719699700172,89.67196262168721,512
1,Funnel,200,1,MF.MALA,0.05,-1.3116329827928945,-1.9039580586354428,89.67190818370852,512
1,Funnel,200,1,MF.MALA,0.1,-1.3116317824475399,-1.9231281939079619,89.67175785183856,512
1,Funnel,200,1,MF.RWMH,0.01,-1.311630187637399,-1.923125490577051,89.67201163389099,512
1,Funnel,200,1,MF.RWMH,0.05,-1.3116301876381913,-1.9231254905767947,89.67201163428763,512
1,Funnel,200,1,MF.RWMH,0.1,-1.3116301876380136,-1.9231254905766686,89.67201163427931,512
1,Funnel,200,20,MF.HMC,0.01,-0.22077428552256695,-0.45911609473627446,177.93552826927674,512
1,Funnel,200,20,MF.HMC,0.05,61.243276042855015,-0.2250421068638722,1.0,512
1,Funnel,200,20,MF.HMC,0.1,-0.1479737319377472,-0.26266135490833553,375.20720464652845,512
1,Funnel,200,20,MF.MALA,0.01,-1.0742127064345226,-1.3176035271063797,249.04905137715673,512
1,Funnel,200,20,MF.MALA,0.05,-0.7625199127444917,-0.9467169352686713,217.58551221188014,512
1,Funnel,200,20,MF.MALA,0.1,-0.594908673711875,-0.8819074396805567,52.003734344025986,512
1,Funnel,200,20,MF.RWMH,0.01,-1.3096036676071163,-1.7632585398070544,97.57141963005415,512
1,Funnel,200,20,MF.RWMH,0.05,-1.0879359702208644,-1.5575659885202762,66.68566884125433,512
1,Funnel,200,20,MF.RWMH,0.1,-0.9371872052178185,-1.309909980031035,99.69950336392863,512
1,Funnel,200,5,MF.HMC,0.01,8.767992986347231,-0.42338623716032137,1.3114776355891242,512
1,Funnel,200,5,MF.HMC,0.05,1443.9494226228105,3.147175636913237,1.0,512
1,Funnel,200,5,MF.HMC,0.1,73.8269499604592,0.5882643905995588,1.0000000000000013,512
1,Funnel,200,5,MF.MALA,0.01,-0.9500603750972711,-1.4844750555620636,55.1028821538402,512
1,Funnel,200,5,MF.MALA,0.05,-0.8789217762751571,-1.2023429084035278,266.97942254190735,512
1,Funnel,200,5,MF.MALA,0.1,-0.9276435909919503,-1.1711832916286598,345.31476635845183,512
1,Funnel,200,5,MF.RWMH,0.01,-1.236798738880486,-1.8742514365199194,24.80989955520685,512
1,Funnel,200,5,MF.RWMH,0.05,-1.0411196227474235,-1.6957840851421442,13.365218302688481,512
1,Funnel,200,5,MF.RWMH,0.1,-1.06776849013628,-1.512284166630911,68.15263997164112,512
1,Funnel,20,10,MF.HMC,0.01,2.2570173190049276,-1.1001439559666524,1.1544914615244202,512
1,Funnel,20,10,MF.HMC,0.05,-0.5249424656687234,-0.7186514006302576,233.68414677062128,512
1,Funnel,20,10,MF.HMC,0.1,-0.5747610607498155,-0.7245479506827939,363.34251329247746,512
1,Funnel,20,10,MF.MALA,0.01,-0.3997925096638255,-1.6836797584938195,3.1278386345117073,512
1,Funnel,20,10,MF.MALA,0.05,-1.1097489260518856,-1.4812785342958255,48.03774897045337,512
1,Funnel,20,10,MF.MALA,0.1,0.614344869502288,-1.3377616229255256,1.776138148825474,512
1,Funnel,20,10,MF.RWMH,0.01,0.21539488691977748,-1.776358109500555,2.1794607222268376,512
1,Funnel,20,10,MF.RWMH,0.05,0.10041348704227815,-1.7453765268761618,2.1475430979346286,512
1,Funnel,20,10,MF.RWMH,0.1,-0.5884257814728118,-1.6827296722692644,3.7008414114271933,512
1,Funnel,20,1,MF.HMC,0.01,-0.9104756301877917,-1.789928268511378,22.24712203091384,512
1,Funnel,20,1,MF.HMC,0.05,6.95671396678664,-1.7605777975014352,1.0007660572881465,512
1,Funnel,20,1,MF.HMC,0.1,4.828100664297604,-1.711482136751753,1.007145573246254,512
1,Funnel,20,1,MF.MALA,0.01,-0.9104756301881611,-1.7899282685328683,22.247122030894765,512
1,Funnel,20,1,MF.MALA,0.05,-0.9104756301882135,-1.7899282685326838,22.247122030898467,512
1,Funnel,20,1,MF.MALA,0.1,-0.91047563018821,-1.7899282685330355,22.247122030898996,512
1,Funnel,20,1,MF.RWMH,0.01,-0.9104756301882171,-1.78992826853274,22.24712203089899,512
1,Funnel,20,1,MF.RWMH,0.05,-0.9104756301882144,-1.78992826853274,22.24712203089869,512
1,Funnel,20,1,MF.RWMH,0.1,-0.9104756301882162,-1.7899282685327391,22.247122030898858,512
1,Funnel,20,20,MF.HMC,0.01,-0.8525249050087043,-1.1231285157419049,210.3108662008351,512
1,Funnel,20,20,MF.HMC,0.05,-0.49702466564465464,-0.6440552026794668,321.6289531047771,512
1,Funnel,20,20,MF.HMC,0.1,-0.5432859575191964,-0.6642608976075586,379.3967415487347,512
1,Funnel,20,20,MF.MALA,0.01,-1.3000156214238414,-1.6715101063141744,144.65836989424147,512
1,Funnel,20,20,MF.MALA,0.05,-1.1468119306868472,-1.4821856654794998,86.55527435746058,512
1,Funnel,20,20,MF.MALA,0.1,-1.1399465923533905,-1.3864774415142214,120.61456066900055,512
1,Funnel,20,20,MF.RWMH,0.01,-1.407764700032546,-1.8097504252223433,146.57852974433158,512
1,Funnel,20,20,MF.RWMH,0.05,-1.3841574553768448,-1.763966119304335,143.0259412216296,512
1,Funnel,20,20,MF.RWMH,0.1,-1.264120826770653,-1.6779120750527827,94.19829047436876,512
1,Funnel,20,5,MF.HMC,0.01,-0.8740739192495832,-1.3395217201545393,53.58659935091452,512
1,Funnel,20,5,MF.HMC,0.05,-0.6266741089682171,-0.9814481523784999,183.3558765809525,512
1,Funnel,20,5,MF.HMC,0.1,0.4858099831118903,-0.9626874464306234,2.239111313434117,512
1,Funnel,20,5,MF.MALA,0.01,-1.2451600541546375,-1.7966286786728025,40.24678213311521,512
1,Funnel,20,5,MF.MALA,0.05,-1.1663828784245656,-1.6374256532245066,69.8907770915534,512
1,Funnel,20,5,MF.MALA,0.1,-0.9454285777647566,-1.5436329795409058,12.243536568419767,512
1,Funnel,20,5,MF.RWMH,0.01,-1.0163736006279374,-1.8990134123977587,12.863173115917776,512
1,Funnel,20,5,MF.RWMH,0.05,-1.0714143718059264,-1.8489578005331473,13.172078636159466,512
1,Funnel,20,5,MF.RWMH,0.1,-1.0217256146262068,-1.7951025802392113,14.364058952716295,512
1,Funnel,50,10,MF.HMC,0.01,-0.5468705001967002,-0.8665125047766551,128.83278135844782,512
1,Funnel,50,10,MF.HMC,0.05,-0.26175350887041215,-0.5369749795387366,208.9547608085413,512
1,Funnel,50,10,MF.HMC,0.1,0.20371894548551772,-0.38460275677855044,18.952963243684447,512
1,Funnel,50,10,MF.MALA,0.01,-1.211730915012783,-1.5442697187968146,179.7260198733295,512
1,Funnel,50,10,MF.MALA,0.05,-0.9733587175551799,-1.2487801023160616,163.27824299082403,512
1,Funnel,50,10,MF.MALA,0.1,-0.9660489502330796,-1.1634769953770112,241.631771243737,512
1,Funnel,50,10,MF.RWMH,0.01,-1.3253052362831044,-1.7880710665304922,45.13241199931645,512
1,Funnel,50,10,MF.RWMH,0.05,-1.2779472383181973,-1.7010965372473177,45.48063584055097,512
1,Funnel,50,10,MF.RWMH,0.1,-1.3339965360632666,-1.5870021399849774,225.4905346812551,512
1,Funnel,50,1,MF.HMC,0.01,-1.3660696461528552,-1.842657076117119,160.7738813275175,512
1,Funnel,50,1,MF.HMC,0.05,421.87699266154044,4.297676721581256,1.0,512
1,Funnel,50,1,MF.HMC,0.1,3160.5725907892847,33.94748916639463,1.0,512
1,Funnel,50,1,MF.MALA,0.01,-1.3660675187612883,-1.842653206688344,160.774445958184,512
1,Funnel,50,1,MF.MALA,0.05,-1.366067518761331,-1.8426532066932748,160.77444595812668,512
1,Funnel,50,1,MF.MALA,0.1,-1.3660675186961333,-1.8426532066794374,160.77444591995862,512
1,Funnel,50,1,MF.RWMH,0.01,-1.3660675187612794,-1.8426532066882297,160.77444595817025,512
1,Funnel,50,1,MF.RWMH,0.05,-1.3660675187612759,-1.842653206688228,160.77444595817101,512
1,Funnel,50,1,MF.RWMH,0.1,-1.3660675187612723,-1.8426532066882177,160.77444595816792,512
1,Funnel,50,20,MF.HMC,0.01,-0.5528041112468811,-0.8507853498784294,174.50315004086872,512
1,Funnel,50,20,MF.HMC,0.05,-0.3664931116849832,-0.5322836379068941,348.13351583647284,512
1,Funnel,50,20,MF.HMC,0.1,-0.2627490456175776,-0.4203529925241197,234.33002826098328,512
1,Funnel,50,20,MF.MALA,0.01,-0.35206759255837294,-1.5159284899577072,9.222105891384663,512
1,Funnel,50,20,MF.MALA,0.05,-0.9740291516733146,-1.269720663305465,183.67942474829252,512
1,Funnel,50,20,MF.MALA,0.1,-0.6967499752021817,-1.107895045128121,60.484172631436444,512
1,Funnel,50,20,MF.RWMH,0.01,-0.853087395319891,-1.7725364368346963,21.539505900444492,512
1,Funnel,50,20,MF.RWMH,0.05,-0.7520975375633006,-1.6812309122075013,16.69602794314145,512
1,Funnel,50,20,MF.RWMH,0.1,-0.8625762612725998,-1.5251384868985365,52.6096092402926,512
1,Funnel,50,5,MF.HMC,0.01,0.06711645400949173,-0.9392130437093139,7.2561308517203535,512
1,Funnel,50,5,MF.HMC,0.05,2.937958310307395,-0.4461928988992449,4.017922150545904,512
1,Funnel,50,5,MF.HMC,0.1,21.244812648090825,-0.03977507749878145,1.0000000885449212,512
1,Funnel,50,5,MF.MALA,0.01,-0.4056270253673082,-1.5169717429514882,9.980952594511624,512
1,Funnel,50,5,MF.MALA,0.05,-0.6382688055634613,-1.2881186025807523,14.20154238820329,512
1,Funnel,50,5,MF.MALA,0.1,-0.8765635683801767,-1.2225979867235468,67.36926846665516,512
1,Funnel,50,5,MF.RWMH,0.01,-0.5922272858329505,-1.7134902338705427,16.08014313307602,512
1,Funnel,50,5,MF.RWMH,0.05,-0.6687679749826261,-1.6386602503727483,17.593625660255665,512
1,Funnel,50,5,MF.RWMH,0.1,-0.7291193592019365,-1.518258743658928,17.448114759240152,512
1,WarpedGaussian,0,10,MF.HMC,0.01,-0.9117204910837886,-1.7946371713398075,8.717578551345717,512
1,WarpedGaussian,0,10,MF.HMC,0.05,-0.9117204910837886,-1.7946371713398075,8.717578551345717,512
1,WarpedGaussian,0,10,MF.HMC,0.1,-0.9117204910837886,-1.7946371713398075,8.717578551345717,512
1,WarpedGaussian,0,10,MF.MALA,0.01,-0.9117204910837886,-1.7946371713398075,8.717578551345717,512
1,WarpedGaussian,0,10,MF.MALA,0.05,-0.9117204910837886,-1.7946371713398075,8.717578551345717,512
1,WarpedGaussian,0,10,MF.MALA,0.1,-0.9117204910837886,-1.7946371713398075,8.717578551345717,512
1,WarpedGaussian,0,10,MF.RWMH,0.01,-0.9117204910837886,-1.7946371713398075,8.717578551345717,512
1,WarpedGaussian,0,10,MF.RWMH,0.05,-0.9117204910837886,-1.7946371713398075,8.717578551345717,512
1,WarpedGaussian,0,10,MF.RWMH,0.1,-0.9117204910837886,-1.7946371713398075,8.717578551345717,512
1,WarpedGaussian,0,1,MF.HMC,0.01,-0.9117204910837886,-1.7946371713398075,8.717578551345717,512
1,WarpedGaussian,0,1,MF.HMC,0.05,-0.9117204910837886,-1.7946371713398075,8.717578551345717,512
1,WarpedGaussian,0,1,MF.HMC,0.1,-0.9117204910837886,-1.7946371713398075,8.717578551345717,512
1,WarpedGaussian,0,1,MF.MALA,0.01,-0.9117204910837886,-1.7946371713398075,8.717578551345717,512
1,WarpedGaussian,0,1,MF.MALA,0.05,-0.9117204910837886,-1.7946371713398075,8.717578551345717,512
1,WarpedGaussian,0,1,MF.MALA,0.1,-0.9117204910837886,-1.7946371713398075,8.717578551345717,512
1,WarpedGaussian,0,1,MF.RWMH,0.01,-0.9117204910837886,-1.7946371713398075,8.717578551345717,512
1,WarpedGaussian,0,1,MF.RWMH,0.05,-0.9117204910837886,-1.7946371713398075,8.717578551345717,512
1,WarpedGaussian,0,1,MF.RWMH,0.1,-0.9117204910837886,-1.7946371713398075,8.717578551345717,512
1,WarpedGaussian,0,20,MF.HMC,0.01,-0.9117204910837886,-1.794637171339807,8.717578551345719,512
1,WarpedGaussian,0,20,MF.HMC,0.05,-0.9117204910837886,-1.794637171339807,8.717578551345719,512
1,WarpedGaussian,0,20,MF.HMC,0.1,-0.9117204910837886,-1.794637171339807,8.717578551345719,512
1,WarpedGaussian,0,20,MF.MALA,0.01,-0.9117204910837886,-1.794637171339807,8.717578551345719,512
1,WarpedGaussian,0,20,MF.MALA,0.05,-0.9117204910837886,-1.794637171339807,8.717578551345719,512
1,WarpedGaussian,0,20,MF.MALA,0.1,-0.9117204910837886,-1.794637171339807,8.717578551345719,512
1,WarpedGaussian,0,20,MF.RWMH,0.01,-0.9117204910837886,-1.794637171339807,8.717578551345719,512
1,WarpedGaussian,0,20,MF.RWMH,0.05,-0.9117204910837886,-1.794637171339807,8.717578551345719,512
1,WarpedGaussian,0,20,MF.RWMH,0.1,-0.9117204910837886,-1.794637171339807,8.717578551345719,512
1,WarpedGaussian,0,5,MF.HMC,0.01,-0.9117204910837886,-1.7946371713398075,8.717578551345717,512
1,WarpedGaussian,0,5,MF.HMC,0.05,-0.9117204910837886,-1.7946371713398075,8.717578551345717,512
1,WarpedGaussian,0,5,MF.HMC,0.1,-0.9117204910837886,-1.7946371713398075,8.717578551345717,512
1,WarpedGaussian,0,5,MF.MALA,0.01,-0.9117204910837886,-1.7946371713398075,8.717578551345717,512
1,WarpedGaussian,0,5,MF.MALA,0.05,-0.9117204910837886,-1.7946371713398075,8.717578551345717,512
1,WarpedGaussian,0,5,MF.MALA,0.1,-0.9117204910837886,-1.7946371713398075,8.717578551345717,512
1,WarpedGaussian,0,5,MF.RWMH,0.01,-0.9117204910837886,-1.7946371713398075,8.717578551345717,512
1,WarpedGaussian,0,5,MF.RWMH,0.05,-0.9117204910837886,-1.7946371713398075,8.717578551345717,512
1,WarpedGaussian,0,5,MF.RWMH,0.1,-0.9117204910837886,-1.7946371713398075,8.717578551345717,512
1,WarpedGaussian,100,10,MF.HMC,0.01,0.3164838814903925,-0.3810891975566217,6.817135402751305,512
1,WarpedGaussian,100,10,MF.HMC,0.05,16.338646005628583,0.44963033965623456,1.0789300219817874,512
1,WarpedGaussian,100,10,MF.HMC,0.1,1.0512653919095625,0.1055729039705588,11.816230973573676,512
1,WarpedGaussian,100,10,MF.MALA,0.01,-0.7570024999755844,-0.9558452209665902,303.1635374098265,512
1,WarpedGaussian,100,10,MF.MALA,0.05,-0.5365991130850816,-0.7953574022753154,197.55813327702054,512
1,WarpedGaussian,100,10,MF.MALA,0.1,-0.6121727850182195,-0.9267175508440598,166.04729663153873,512
1,WarpedGaussian,100,10,MF.RWMH,0.01,-1.3347282858149416,-1.6228461723196321,159.4701060956629,512
1,WarpedGaussian,100,10,MF.RWMH,0.05,-0.9272911867641183,-1.2505208392593234,100.07341514906018,512
1,WarpedGaussian,100,10,MF.RWMH,0.1,-0.7801651320028595,-1.01583619711017,237.96090713295507,512
1,WarpedGaussian,100,1,MF.HMC,0.01,245.40485185801467,2.191386495942688,1.0024593139722837,512
1,WarpedGaussian,100,1,MF.HMC,0.05,282.65353465718965,101.92250113094735,1.0497143787459537,512
1,WarpedGaussian,100,1,MF.HMC,0.1,264.6214373825024,76.90461950524318,2.8560971924926677,512
1,WarpedGaussian,100,1,MF.MALA,0.01,-1.4959735277747228,-1.8445598843976472,118.05643900597529,512
1,WarpedGaussian,100,1,MF.MALA,0.05,-1.4959735198664914,-1.844559877812598,118.05644057663837,512
1,WarpedGaussian,100,1,MF.MALA,0.1,-1.4959738351511502,-1.844560239541672,118.05638279307541,512
1,WarpedGaussian,100,1,MF.RWMH,0.01,-1.4959735293794543,-1.844559889677347,118.0564386318511,512
1,WarpedGaussian,100,1,MF.RWMH,0.05,-1.4959735293795076,-1.8445598896773683,118.05643863191828,512
1,WarpedGaussian,100,1,MF.RWMH,0.1,-1.4959735293795875,-1.8445598896773594,118.05643863205663,512
1,WarpedGaussian,100,20,MF.HMC,0.01,-0.1780565683067481,-0.31267281407802966,374.7051783635024,512
1,WarpedGaussian,100,20,MF.HMC,0.05,0.14897228289856645,-0.05571770010817299,260.3917247751296,512
1,WarpedGaussian,100,20,MF.HMC,0.1,0.11863869732094123,-0.02422829192520571,346.4200503225874,512
1,WarpedGaussian,100,20,MF.MALA,0.01,-0.7163104265833322,-0.9003396322406921,224.95202014079564,512
1,WarpedGaussian,100,20,MF.MALA,0.05,-0.4065960578491348,-0.6919960655741618,206.70568038564986,512
1,WarpedGaussian,100,20,MF.MALA,0.1,-0.3380482904869915,-0.7822584372636263,111.93564965315701,512
1,WarpedGaussian,100,20,MF.RWMH,0.01,-1.109923160593877,-1.5651695876990817,104.28860786845163,512
1,WarpedGaussian,100,20,MF.RWMH,0.05,-0.8704566305978405,-1.1944886865244495,154.75343121222258,512
1,WarpedGaussian,100,20,MF.RWMH,0.1,-0.5627882158194497,-0.9250021574626218,89.26710170089011,512
1,WarpedGaussian,100,5,MF.HMC,0.01,78.36359712680321,-0.2956750833719973,1.0000000000932712,512
1,WarpedGaussian,100,5,MF.HMC,0.05,195.31013033762625,4.662137624026746,1.0,512
1,WarpedGaussian,100,5,MF.HMC,0.1,212.03457713795746,3.0401598609589375,1.0,512
1,WarpedGaussian,100,5,MF.MALA,0.01,-0.3217181939285494,-1.0968032398529541,6.1764864303265545,512
1,WarpedGaussian,100,5,MF.MALA,0.05,-0.2870483157990895,-0.960092190312967,6.722612473094663,512
1,WarpedGaussian,100,5,MF.MALA,0.1,-0.2130336750296058,-0.9857766193306257,7.639287324881119,512
1,WarpedGaussian,100,5,MF.RWMH,0.01,-1.0779260933200208,-1.6835222321250398,12.690438952886499,512
1,WarpedGaussian,100,5,MF.RWMH,0.05,-1.0143885171394293,-1.3517918469288959,115.4748345372533,512
1,WarpedGaussian,100,5,MF.RWMH,0.1,-0.780130478330098,-1.11111341175026,74.46454134637123,512
1,WarpedGaussian,10,10,MF.HMC,0.01,-0.6780975986013464,-0.8708911877841186,299.9979369380784,512
1,WarpedGaussian,10,10,MF.HMC,0.05,-0.27782290796095754,-0.5287605599653523,254.28949142794056,512
1,WarpedGaussian,10,10,MF.HMC,0.1,-0.27568902190438127,-0.5341453175842812,219.15673307441574,512
1,WarpedGaussian,10,10,MF.MALA,0.01,-0.9661609305312204,-1.4434438403210217,37.38342201845257,512
1,WarpedGaussian,10,10,MF.MALA,0.05,-0.9359515706739208,-1.3212604855459467,121.88949416872367,512
1,WarpedGaussian,10,10,MF.MALA,0.1,-0.9893169179594734,-1.4389051804620698,135.5744175907427,512
1,WarpedGaussian,10,10,MF.RWMH,0.01,-1.51430981748108,-1.7526053848119347,219.62509732221832,512
1,WarpedGaussian,10,10,MF.RWMH,0.05,-1.290127274833928,-1.592744520498939,98.95243158218052,512
1,WarpedGaussian,10,10,MF.RWMH,0.1,-1.0638611640935052,-1.4702415567447635,93.58464466312817,512
1,WarpedGaussian,10,1,MF.HMC,0.01,-1.4377826917510665,-1.8012092648320246,151.85534502088007,512
1,WarpedGaussian,10,1,MF.HMC,0.05,-1.437782691611777,-1.8012092611110309,151.85534504187405,512
1,WarpedGaussian,10,1,MF.HMC,0.1,-1.4073132241303838,-1.773380276870651,154.18924815503385,512
1,WarpedGaussian,10,1,MF.MALA,0.01,-1.4377826917509688,-1.8012092648319582,151.85534502090192,512
1,WarpedGaussian,10,1,MF.MALA,0.05,-1.4377826917509697,-1.801209264831961,151.85534502090087,512
1,WarpedGaussian,10,1,MF.MALA,0.1,-1.437782691750967,-1.8012092648319586,151.85534502089953,512
1,WarpedGaussian,10,1,MF.RWMH,0.01,-1.4377826917509688,-1.8012092648319609,151.85534502090016,512
1,WarpedGaussian,10,1,MF.RWMH,0.05,-1.4377826917509688,-1.8012092648319606,151.8553450209009,512
1,WarpedGaussian,10,1,MF.RWMH,0.1,-1.4377826917509706,-1.8012092648319606,151.85534502090115,512
1,WarpedGaussian,10,20,MF.HMC,0.01,-0.5175826304850739,-0.8060570932663346,55.86252825299811,512
1,WarpedGaussian,10,20,MF.HMC,0.05,-0.2507947752961064,-0.42132841889359396,337.5122461588997,512
1,WarpedGaussian,10,20,MF.HMC,0.1,-0.23741624190700605,-0.40551270953501306,320.6340955864327,512
1,WarpedGaussian,10,20,MF.MALA,0.01,-1.243111682648581,-1.4358806009631626,292.26367495096696,512
1,WarpedGaussian,10,20,MF.MALA,0.05,-0.6782365638649797,-1.2601068725240194,32.10272875801359,512
1,WarpedGaussian,10,20,MF.MALA,0.1,-0.9572515187580093,-1.4457630224662683,136.53573780803058,512
1,WarpedGaussian,10,20,MF.RWMH,0.01,-1.557745613156464,-1.8226918081597798,181.2738719246495,512
1,WarpedGaussian,10,20,MF.RWMH,0.05,-1.3264694981149932,-1.6238110327320379,80.45205450587008,512
1,WarpedGaussian,10,20,MF.RWMH,0.1,-1.2804430768258,-1.4907921872082333,209.4113263602295,512
1,WarpedGaussian,10,5,MF.HMC,0.01,-0.6404140622133587,-1.018281767398224,90.9946774188032,512
1,WarpedGaussian,10,5,MF.HMC,0.05,-0.5247262702028346,-0.815143972905443,271.98686340556213,512
1,WarpedGaussian,10,5,MF.HMC,0.1,-0.48387326964629285,-0.7563723774351419,255.5391606170489,512
1,WarpedGaussian,10,5,MF.MALA,0.01,-1.2326658401169066,-1.5619584655378498,173.27129991802468,512
1,WarpedGaussian,10,5,MF.MALA,0.05,-1.0371034859243755,-1.4318278064592647,104.24633290655959,512
1,WarpedGaussian,10,5,MF.MALA,0.1,-1.166835572915919,-1.5974239800127574,117.83458091276664,512
1,WarpedGaussian,10,5,MF.RWMH,0.01,-1.4811331064886595,-1.838426185838218,156.88568788603123,512
1,WarpedGaussian,10,5,MF.RWMH,0.05,-1.3420941485187576,-1.7040517205166061,127.69726992549892,512
1,WarpedGaussian,10,5,MF.RWMH,0.1,-1.2201161644021,-1.602902358524009,97.49722665850643,512
1,WarpedGaussian,200,10,MF.HMC,0.01,19.572284642805222,0.3330913363351501,1.0008421147812112,512
1,WarpedGaussian,200,10,MF.HMC,0.05,89.34742541677484,0.5906356418739207,1.0,512
1,WarpedGaussian,200,10,MF.HMC,0.1,0.31126487496458655,0.05543887894688157,262.38320911098367,512
1,WarpedGaussian,200,10,MF.MALA,0.01,0.1566323041343045,-0.8517423310158868,3.853036622843118,512
1,WarpedGaussian,200,10,MF.MALA,0.05,-0.3997999620084087,-0.681557110076934,256.2713615725357,512
1,WarpedGaussian,200,10,MF.MALA,0.1,15.74193638283386,-0.6287704414512238,1.9236109044312404,512
1,WarpedGaussian,200,10,MF.RWMH,0.01,-0.7154369362069586,-1.6569365438811732,3.742028353224722,512
1,WarpedGaussian,200,10,MF.RWMH,0.05,-0.9162902125564498,-1.1408205283259256,273.56872052582304,512
1,WarpedGaussian,200,10,MF.RWMH,0.1,-0.7485277086691298,-0.9514800053293597,299.04288370451536,512
1,WarpedGaussian,200,1,MF.HMC,0.01,266.97084126307965,87.38849215704782,1.6639283372139722,512
1,WarpedGaussian,200,1,MF.HMC,0.05,286.3657335689774,99.39239627642081,1.0614562766762483,512
1,WarpedGaussian,200,1,MF.HMC,0.1,268.54025205415655,58.0514936812626,1.0033181667764095,512
1,WarpedGaussian,200,1,MF.MALA,0.01,-1.3131927105888979,-1.8293372451082206,34.61915313880393,512
1,WarpedGaussian,200,1,MF.MALA,0.05,9.48879303943486,-1.7376028110980035,1.000407770862825,512
1,WarpedGaussian,200,1,MF.MALA,0.1,234.8130129380791,1.7952259505363117,1.0378426504098786,512
1,WarpedGaussian,200,1,MF.RWMH,0.01,-1.3598394404986163,-1.836725381875392,34.020945075432586,512
1,WarpedGaussian,200,1,MF.RWMH,0.05,-1.3598394404988365,-1.8367253818753775,34.02094507549643,512
1,WarpedGaussian,200,1,MF.RWMH,0.1,-1.3598394404991447,-1.8367253818754434,34.020945075539764,512
1,WarpedGaussian,200,20,MF.HMC,0.01,0.2003883833674296,-0.023796106663006435,233.79617370753067,512
1,WarpedGaussian,200,20,MF.HMC,0.05,0.17829380395142724,-0.03964748444174054,251.85145515672187,512
1,WarpedGaussian,200,20,MF.HMC,0.1,0.06824795606998801,-0.03370356221037958,375.1553628751486,512
1,WarpedGaussian,200,20,MF.MALA,0.01,0.7465190622139533,-0.720367246775959,2.0763303407991818,512
1,WarpedGaussian,200,20,MF.MALA,0.05,-0.29059240278223974,-0.5331644890575244,223.4401523838291,512
1,WarpedGaussian,200,20,MF.MALA,0.1,1.3895664570704058,-0.594703981213664,1.4784540630984164,512
1,WarpedGaussian,200,20,MF.RWMH,0.01,-1.1788275779896678,-1.5511915725574177,81.74687129861965,512
1,WarpedGaussian,200,20,MF.RWMH,0.05,-0.895452468284387,-1.0836503852532966,306.6618333757088,512
1,WarpedGaussian,200,20,MF.RWMH,0.1,-0.585409915693579,-0.8283996926217225,179.04510961193722,512
1,WarpedGaussian,200,5,MF.HMC,0.01,190.29277024971256,4.086967169470639,1.0000000000096456,512
1,WarpedGaussian,200,5,MF.HMC,0.05,157.46956219463763,4.731886440857428,1.0000302646683468,512
1,WarpedGaussian,200,5,MF.HMC,0.1,163.08133440093977,1.26620435187827,1.0,512
1,WarpedGaussian,200,5,MF.MALA,0.01,1.008734781899605,-1.0023325931990914,1.8965673952160629,512
1,WarpedGaussian,200,5,MF.MALA,0.05,18.234475495782146,-0.7694379413438541,1.000000019901358,512
1,WarpedGaussian,200,5,MF.MALA,0.1,81.36397187413645,-0.4820908525871516,1.0,512
1,WarpedGaussian,200,5,MF.RWMH,0.01,-1.289211707959006,-1.6399417809702936,127.73626102999972,512
1,WarpedGaussian,200,5,MF.RWMH,0.05,-0.727787828048954,-1.2618815026372432,17.74333308080011,512
1,WarpedGaussian,200,5,MF.RWMH,0.1,-0.2551293935838723,-1.054078945643005,5.541959847120449,512
1,WarpedGaussian,20,10,MF.HMC,0.01,-0.36778548283402746,-0.6400099630023085,280.96229021595843,512
1,WarpedGaussian,20,10,MF.HMC,0.05,-0.21949035705168551,-0.44357819894946976,304.18883608733455,512
1,WarpedGaussian,20,10,MF.HMC,0.1,2.7867299394409306,-0.3546748690077647,1.1096011297614143,512
1,WarpedGaussian,20,10,MF.MALA,0.01,-1.1105211183260888,-1.3544321775252552,224.05924153825532,512
1,WarpedGaussian,20,10,MF.MALA,0.05,-0.7449313846435599,-1.0717794111855008,192.12058556685753,512
1,WarpedGaussian,20,10,MF.MALA,0.1,-0.907219135510247,-1.2320786614077317,239.92519167102358,512
1,WarpedGaussian,20,10,MF.RWMH,0.01,-1.472591852273319,-1.7415717294192246,243.4644709741574,512
1,WarpedGaussian,20,10,MF.RWMH,0.05,-1.2181899507518503,-1.5357279635284111,151.95802200458894,512
1,WarpedGaussian,20,10,MF.RWMH,0.1,-1.138431328883299,-1.3649633244064325,235.0633106236459,512
1,WarpedGaussian,20,1,MF.HMC,0.01,-1.4959735250953745,-1.8445613019600595,118.05643951424517,512
1,WarpedGaussian,20,1,MF.HMC,0.05,-1.4954927744674746,-1.843899757383266,118.16010198687329,512
1,WarpedGaussian,20,1,MF.HMC,0.1,193.4050641043345,-0.1550241113209842,1.0000196550718483,512
1,WarpedGaussian,20,1,MF.MALA,0.01,-1.495973529379513,-1.8445598896774995,118.0564386319016,512
1,WarpedGaussian,20,1,MF.MALA,0.05,-1.495973529379497,-1.8445598896773652,118.05643863187355,512
1,WarpedGaussian,20,1,MF.MALA,0.1,-1.4959735293795182,-1.8445598896773512,118.05643863186855,512
1,WarpedGaussian,20,1,MF.RWMH,0.01,-1.495973529379504,-1.8445598896773645,118.05643863187261,512
1,WarpedGaussian,20,1,MF.RWMH,0.05,-1.4959735293794862,-1.8445598896773665,118.05643863186934,512
1,WarpedGaussian,20,1,MF.RWMH,0.1,-1.4959735293794987,-1.844559889677367,118.05643863187457,512
1,WarpedGaussian,20,20,MF.HMC,0.01,-0.22105955911896835,-0.60315228821041,53.46386023402144,512
1,WarpedGaussian,20,20,MF.HMC,0.05,-0.2220370549818229,-0.3604141823867238,368.61689305108433,512
1,WarpedGaussian,20,20,MF.HMC,0.1,-0.17290615819835153,-0.32936282196263106,348.19356146736834,512
1,WarpedGaussian,20,20,MF.MALA,0.01,-0.9603440482955792,-1.2621923467780685,180.8960500079248,512
1,WarpedGaussian,20,20,MF.MALA,0.05,-0.9437242387106943,-1.1251299992181705,310.11047272350703,512
1,WarpedGaussian,20,20,MF.MALA,0.1,-0.5945830487517672,-1.196387578452144,16.397260765586758,512
1,WarpedGaussian,20,20,MF.RWMH,0.01,-1.3670519863665938,-1.735721181302816,137.85928771704192,512
1,WarpedGaussian,20,20,MF.RWMH,0.05,-1.0760222506758303,-1.4508432603770982,126.58493636700362,512
1,WarpedGaussian,20,20,MF.RWMH,0.1,-0.8225011632025483,-1.2910650148540896,80.00345402954105,512
1,WarpedGaussian,20,5,MF.HMC,0.01,-0.656840827583614,-0.9032444088823557,203.99059219538603,512
1,WarpedGaussian,20,5,MF.HMC,0.05,-0.4716836063590071,-0.7381871566462814,174.01410179265523,512
1,WarpedGaussian,20,5,MF.HMC,0.1,25.487638130032884,-0.451356679815336,1.0378193879397841,512
1,WarpedGaussian,20,5,MF.MALA,0.01,-1.095158626154074,-1.3858984871394602,159.46244312453783,512
1,WarpedGaussian,20,5,MF.MALA,0.05,-0.48694701303732746,-1.2505951152724086,5.883105511569152,512
1,WarpedGaussian,20,5,MF.MALA,0.1,-1.0160380012107657,-1.3381074566170912,161.1541349233145,512
1,WarpedGaussian,20,5,MF.RWMH,0.01,-1.363429897529623,-1.7732287849583053,84.60977161723804,512
1,WarpedGaussian,20,5,MF.RWMH,0.05,-1.1629824522007768,-1.5850809064355929,67.54038616512202,512
1,WarpedGaussian,20,5,MF.RWMH,0.1,-1.2408806781717425,-1.478321207376017,214.17312304113986,512
1,WarpedGaussian,50,10,MF.HMC,0.01,-0.2989455818786162,-0.5080367870548493,310.99677895672,512
1,WarpedGaussian,50,10,MF.HMC,0.05,89.92075364682943,0.15820831161885104,1.0,512
1,WarpedGaussian,50,10,MF.HMC,0.1,7.251575266783779,0.055261577169265046,1.683423384460174,512
1,WarpedGaussian,50,10,MF.MALA,0.01,-0.9487985569666177,-1.1277316697585367,324.09718460841157,512
1,WarpedGaussian,50,10,MF.MALA,0.05,-0.7625560125991999,-0.9588986383569971,304.3009584938132,512
1,WarpedGaussian,50,10,MF.MALA,0.1,-0.8002491236868794,-1.0583761366291646,256.99860819266905,512
1,WarpedGaussian,50,10,MF.RWMH,0.01,-1.4584720069086723,-1.6990065056037091,214.95685796576365,512
1,WarpedGaussian,50,10,MF.RWMH,0.05,-1.2005200913697163,-1.420046401006359,260.2876597049626,512
1,WarpedGaussian,50,10,MF.RWMH,0.1,-0.8942666585701735,-1.1996653036533549,117.46505832513094,512
1,WarpedGaussian,50,1,MF.HMC,0.01,-1.4377890992310354,-1.8012184537070401,151.85379475799232,512
1,WarpedGaussian,50,1,MF.HMC,0.05,277.1851767461317,52.66928723997014,1.0000036467183762,512
1,WarpedGaussian,50,1,MF.HMC,0.1,661.5333162723823,88.6773522001068,1.0,512
1,WarpedGaussian,50,1,MF.MALA,0.01,-1.4377826917432994,-1.8012092648266755,151.85534502182097,512
1,WarpedGaussian,50,1,MF.MALA,0.05,-1.4377826917507868,-1.801209264829026,151.85534502082865,512
1,WarpedGaussian,50,1,MF.MALA,0.1,-1.4377827002667587,-1.801209282262038,151.85534285968777,512
1,WarpedGaussian,50,1,MF.RWMH,0.01,-1.4377826917509884,-1.8012092648319766,151.8553450209065,512
1,WarpedGaussian,50,1,MF.RWMH,0.05,-1.4377826917509635,-1.80120926483196,151.85534502089524,512
1,WarpedGaussian,50,1,MF.RWMH,0.1,-1.4377826917509529,-1.8012092648319658,151.85534502087768,512
1,WarpedGaussian,50,20,MF.HMC,0.01,-0.2525492377402516,-0.4216198063906011,317.15599162108657,512
1,WarpedGaussian,50,20,MF.HMC,0.05,-0.007895395701278396,-0.20807950710333747,281.9147467624095,512
1,WarpedGaussian,50,20,MF.HMC,0.1,0.17184953441307194,-0.07907660088217455,164.13813751569484,512
1,WarpedGaussian,50,20,MF.MALA,0.01,-0.893376395454486,-1.0733300141024418,300.4236257402353,512
1,WarpedGaussian,50,20,MF.MALA,0.05,-0.55230373954483,-0.8308854354077816,199.09994301466008,512
1,WarpedGaussian,50,20,MF.MALA,0.1,-0.7392598784753046,-1.0071024963245154,272.92850431407874,512
1,WarpedGaussian,50,20,MF.RWMH,0.01,-1.424921407937318,-1.7333014120218606,102.95260136148306,512
1,WarpedGaussian,50,20,MF.RWMH,0.05,-0.9612556890733881,-1.3661927851671205,68.90582515781226,512
1,WarpedGaussian,50,20,MF.RWMH,0.1,-0.9284990292940778,-1.1468314155823458,225.74613949689768,512
1,WarpedGaussian,50,5,MF.HMC,0.01,-0.4145459717583959,-0.7768099429085152,166.71704437165894,512
1,WarpedGaussian,50,5,MF.HMC,0.05,214.95225891748615,3.0468062541737524,1.000000004208764,512
1,WarpedGaussian,50,5,MF.HMC,0.1,197.2423990384268,5.013413089577546,1.0000000000000027,512
1,WarpedGaussian,50,5,MF.MALA,0.01,-0.9335830463150225,-1.224836040666372,258.9281424115999,512
1,WarpedGaussian,50,5,MF.MALA,0.05,-0.7632905782066031,-1.0822026569524685,240.1024625705783,512
1,WarpedGaussian,50,5,MF.MALA,0.1,-0.8632521269398499,-1.232735543552603,188.23335694663447,512
1,WarpedGaussian,50,5,MF.RWMH,0.01,-1.361726993243333,-1.7666653018130252,94.8732836859221,512
1,WarpedGaussian,50,5,MF.RWMH,0.05,-1.2268631396753449,-1.5425263519418906,129.0302936558404,512
1,WarpedGaussian,50,5,MF.RWMH,0.1,-1.0689916524679584,-1.3217672608576885,277.2639522879347,512
